,country,city,device_category,total_accesses,total_purchases,latitude,longitude
1,United States,Mountain View,desktop,286284,1244,37.3893889,-122.0832101
3,United States,New York,desktop,190573,1534,40.7127281,-74.0060152
4,United States,Sunnyvale,desktop,99436,471,37.3688301,-122.036349
5,United States,San Francisco,desktop,97901,698,37.7792588,-122.4193286
8,United States,San Jose,desktop,56625,206,37.3361663,-121.890591
9,United States,Chicago,desktop,44396,412,41.8755616,-87.6244212
11,United States,San Francisco,mobile,39135,48,37.7792588,-122.4193286
13,United States,Los Angeles,desktop,38348,246,34.0536909,-118.242766
16,United States,Austin,desktop,29864,216,30.2711286,-97.7436995
17,United States,Seattle,desktop,28636,212,47.6038321,-122.330062
20,Canada,Toronto,desktop,26309,61,43.6534817,-79.3839347
22,United Kingdom,London,desktop,25831,10,51.5074456,-0.1277653
23,United States,New York,mobile,22723,36,40.7127281,-74.0060152
24,United States,Ann Arbor,desktop,22237,205,42.2813722,-83.7484616
26,United States,Santa Clara,desktop,21925,86,37.2333253,-121.6846349
32,United States,Los Angeles,mobile,19023,45,34.0536909,-118.242766
33,United States,Salem,desktop,17449,61,44.9391565,-123.033121
34,United States,Palo Alto,desktop,16192,48,37.4443293,-122.1598465
41,United States,Cambridge,desktop,14620,120,42.3656347,-71.1040018
42,Australia,Sydney,desktop,14300,6,-33.8698439,151.2082848
43,United States,Mountain View,mobile,14052,10,37.3893889,-122.0832101
44,Thailand,Bangkok,desktop,13970,2,13.7524938,100.4935089
45,United States,San Jose,mobile,13575,20,37.3361663,-121.890591
46,United States,Kirkland,desktop,13235,104,47.6765382,-122.2070775
48,United States,Chicago,mobile,12847,26,41.8755616,-87.6244212
49,United States,San Bruno,desktop,12310,103,37.6248536,-122.4145986
53,Vietnam,Ho Chi Minh City,desktop,11924,0,10.7763897,106.7011391
56,Ireland,Dublin,desktop,11549,5,53.3493795,-6.2605593
57,Turkey,Istanbul,desktop,11457,2,41.006381,28.9758715
58,United States,Washington,desktop,11362,91,47.2868352,-120.212613
59,Canada,Montreal,desktop,11154,8,45.5031824,-73.5698065
60,India,Bengaluru,desktop,11077,1,12.9767936,77.590082
61,Brazil,Sao Paulo,desktop,10535,7,-23.5506507,-46.6333824
62,Hong Kong,Hong Kong,desktop,10413,6,22.2793278,114.1628131
63,United Kingdom,London,mobile,10208,0,51.5074456,-0.1277653
64,Singapore,Singapore,desktop,9887,2,1.357107,103.8194992
66,United States,Atlanta,desktop,9830,87,33.7489924,-84.3902644
67,India,Hyderabad,desktop,9751,0,17.360589,78.4740613
69,Israel,Tel Aviv-Yafo,desktop,9331,3,32.0852997,34.7818064
70,United States,(not set),desktop,9221,11,42.2569876,-72.0765352
71,Japan,Minato,desktop,9042,3,35.6432274,139.7400553
75,Poland,Warsaw,desktop,8669,1,52.2337172,21.071432235636493
76,France,Paris,desktop,8143,2,48.8534951,2.3483915
79,India,Chennai,mobile,8041,0,13.0836939,80.270186
81,United States,Irvine,desktop,7992,53,33.6856969,-117.825981
84,Vietnam,Hanoi,desktop,7891,0,21.0283334,105.854041
85,India,Mumbai,desktop,7865,1,18.9733536,72.82810491917377
88,United States,Houston,desktop,7544,36,29.7589382,-95.3676974
91,India,Chennai,desktop,7144,0,13.0836939,80.270186
95,Indonesia,Jakarta,desktop,6920,6,-6.175247,106.8270488
98,Mexico,Mexico City,desktop,6684,7,19.4326296,-99.1331785
99,United States,Houston,mobile,6572,20,29.7589382,-95.3676974
100,United States,Pittsburgh,desktop,6439,37,40.4416941,-79.9900861
101,United States,Seattle,mobile,6392,23,47.6038321,-122.330062
102,South Korea,Seoul,desktop,6369,5,37.5666791,126.9782914
103,Canada,Toronto,mobile,6318,7,43.6534817,-79.3839347
104,United States,Sunnyvale,mobile,6175,5,37.3688301,-122.036349
105,Australia,Melbourne,desktop,6095,3,-37.8142454,144.9631732
107,United States,San Diego,desktop,6044,29,32.7174202,-117.162772
111,Spain,Madrid,desktop,5776,0,40.4167047,-3.7035825
114,United States,Dallas,mobile,5635,7,32.7762719,-96.7968559
115,United States,Atlanta,mobile,5619,16,33.7489924,-84.3902644
116,United States,Fremont,desktop,5522,16,37.5482697,-121.988571
117,India,New Delhi,desktop,5274,2,28.6419258,77.2217499
118,Russia,Moscow,desktop,5068,0,55.625578,37.6063916
119,Venezuela,Maracaibo,desktop,4863,42,10.6498095,-71.6443596
120,Thailand,Bangkok,mobile,4853,0,13.7524938,100.4935089
124,United States,Washington,mobile,4716,9,47.2868352,-120.212613
129,Colombia,Bogota,desktop,4581,1,4.6533816,-74.0836333
130,United States,(not set),mobile,4579,5,42.2569876,-72.0765352
131,Australia,Sydney,mobile,4559,0,-33.8698439,151.2082848
133,India,Bengaluru,mobile,4264,0,12.9767936,77.590082
134,Ukraine,Kiev,desktop,4210,0,50.4500336,30.5241361
135,United States,Cupertino,desktop,4036,17,37.3228934,-122.0322895
136,India,(not set),desktop,3996,1,9.326573849999999,76.5380997348222
137,Malaysia,Kuala Lumpur,desktop,3925,1,3.1516964,101.6942371
139,Switzerland,Zurich,desktop,3876,3,47.3744489,8.5410422
140,India,Mumbai,mobile,3872,0,18.9733536,72.82810491917377
144,United States,Dallas,desktop,3796,18,32.7762719,-96.7968559
145,Netherlands,Amsterdam,desktop,3771,1,52.3730796,4.8924534
148,France,Paris,mobile,3668,0,48.8534951,2.3483915
149,Spain,Barcelona,desktop,3664,1,41.3828939,2.1774322
152,Argentina,Buenos Aires,desktop,3520,1,-34.6073387,-58.4432852
153,United States,Milpitas,desktop,3511,14,37.4332273,-121.8989248
158,India,New Delhi,mobile,3364,0,28.6419258,77.2217499
159,Peru,La Victoria,desktop,3350,1,-12.0639584,-77.0300254
161,India,Pune,desktop,3337,0,18.521428,73.8544541
163,Sweden,Stockholm,desktop,3283,2,59.3251172,18.0710935
164,United States,Austin,mobile,3280,4,30.2711286,-97.7436995
169,United States,New York,tablet,3157,7,40.7127281,-74.0060152
171,Hong Kong,Hong Kong,mobile,3117,0,22.2793278,114.1628131
172,India,Hyderabad,mobile,3088,0,17.360589,78.4740613
173,United States,Lake Oswego,desktop,3086,6,45.4206749,-122.670649
174,United States,Boulder,desktop,3063,24,40.0149856,-105.270545
175,Japan,Osaka,desktop,3022,0,34.6937569,135.5014539
176,India,Kolkata,desktop,3016,0,22.5726459,88.3638953
177,United States,Santa Clara,mobile,3014,1,37.2333253,-121.6846349
178,India,(not set),mobile,2951,0,9.326573849999999,76.5380997348222
179,Romania,Bucharest,desktop,2942,1,44.4361414,26.1027202
182,Australia,Melbourne,mobile,2826,1,-37.8142454,144.9631732
183,United States,Boston,desktop,2824,10,42.3554334,-71.060511
186,Singapore,Singapore,mobile,2679,0,1.357107,103.8194992
187,Indonesia,Jakarta,mobile,2676,0,-6.175247,106.8270488
188,Philippines,Taguig,desktop,2674,0,14.5270538,121.0744942
189,Germany,Berlin,desktop,2642,1,52.5108638,13.3989421
192,Ireland,Dublin,mobile,2557,1,53.3493795,-6.2605593
193,United States,Charlotte,desktop,2553,10,35.2272086,-80.8430827
195,United States,San Francisco,tablet,2534,6,37.7792588,-122.4193286
202,United States,San Diego,mobile,2355,9,32.7174202,-117.162772
205,India,Kolkata,mobile,2322,0,22.5726459,88.3638953
208,Malaysia,Kuala Lumpur,mobile,2279,2,3.1516964,101.6942371
210,United States,Oakland,desktop,2248,14,37.8044557,-122.271356
211,Turkey,Ankara,desktop,2221,0,39.9207759,32.8540497
213,Sweden,Gothenburg,desktop,2172,0,57.7072326,11.9670171
214,Canada,Kitchener,desktop,2169,1,43.451291,-80.4927815
215,Italy,Milan,desktop,2147,0,45.4641943,9.1896346
216,United Arab Emirates,Dubai,desktop,2139,1,25.074282349999997,55.18853865430702
217,Venezuela,Maracaibo,tablet,2113,12,10.6498095,-71.6443596
218,Romania,Bucharest,mobile,2110,0,44.4361414,26.1027202
219,India,Pune,mobile,2105,0,18.521428,73.8544541
220,Philippines,Quezon City,desktop,2076,1,14.6510546,121.0486254
222,Canada,Montreal,mobile,2060,2,45.5031824,-73.5698065
223,United States,San Mateo,desktop,2040,9,37.496904,-122.3330573
224,United States,San Jose,tablet,2033,0,37.3361663,-121.890591
227,Canada,Vancouver,desktop,2004,3,49.2608724,-123.113952
229,Mexico,Mexico City,mobile,1997,0,19.4326296,-99.1331785
230,India,Gurgaon,desktop,1997,0,28.4646148,77.0299194
231,Australia,Brisbane,desktop,1984,0,-27.4689682,153.0234991
232,Germany,Hamburg,desktop,1975,1,53.550341,10.000654
236,Turkey,Izmir,desktop,1938,0,38.4237433,27.1428019
238,South Korea,Seoul,mobile,1924,0,37.5666791,126.9782914
242,United States,Philadelphia,desktop,1901,11,39.9527237,-75.1635262
245,United States,Phoenix,desktop,1832,7,33.4484367,-112.074141
247,United States,Redwood City,desktop,1813,7,37.4863239,-122.232523
248,Israel,Tel Aviv-Yafo,mobile,1800,0,32.0852997,34.7818064
249,Canada,Quebec City,desktop,1796,0,46.8137431,-71.2084061
251,United States,Ashburn,desktop,1761,0,39.030019100000004,-77.46964646557657
253,India,Ahmedabad,desktop,1728,1,23.0215374,72.5800568
254,United States,Jersey City,desktop,1716,9,40.7215682,-74.047455
256,United States,Los Angeles,tablet,1710,2,34.0536909,-118.242766
257,United States,Denver,desktop,1693,12,39.7392364,-104.984862
258,United States,Boston,mobile,1669,7,42.3554334,-71.060511
259,United States,Boardman,desktop,1655,0,45.839855,-119.700583
260,Japan,Shinjuku,desktop,1637,0,35.6937632,139.7036319
265,Greece,Athens,desktop,1605,0,37.9755648,23.7348324
266,Czechia,Prague,desktop,1592,1,50.0874654,14.4212535
267,United States,Columbus,desktop,1572,4,39.9622601,-83.0007065
270,United States,San Antonio,desktop,1533,7,29.4246002,-98.4951405
271,United Kingdom,London,tablet,1517,0,51.5074456,-0.1277653
273,Brazil,Sao Paulo,mobile,1479,0,-23.5506507,-46.6333824
278,Australia,Melbourne,tablet,1432,0,-37.8142454,144.9631732
281,United States,Ann Arbor,mobile,1395,1,42.2813722,-83.7484616
282,Turkey,Istanbul,mobile,1388,0,41.006381,28.9758715
284,Brazil,Rio de Janeiro,desktop,1356,1,-22.9110137,-43.2093727
287,Vietnam,Bien Hoa,desktop,1313,0,10.9507929,106.8263284
288,United States,Palo Alto,mobile,1312,1,37.4443293,-122.1598465
290,Taiwan,Zhongli District,desktop,1291,0,24.9653531,121.224926
292,United States,Redmond,desktop,1284,4,47.6694141,-122.1238767
296,United States,Eau Claire,desktop,1251,0,44.811349,-91.4984941
297,Saudi Arabia,Riyadh,desktop,1249,0,23.333333,45.333333
298,India,Ahmedabad,mobile,1243,0,23.0215374,72.5800568
299,United States,Fremont,mobile,1238,3,37.5482697,-121.988571
300,Japan,Minato,mobile,1238,0,35.6432274,139.7400553
304,Hungary,Budapest,desktop,1207,0,47.4978789,19.0402383
308,United States,Sunnyvale,tablet,1169,1,37.3688301,-122.036349
310,United States,Tempe,desktop,1150,4,33.4255117,-111.940016
311,Germany,Munich,desktop,1141,0,48.1371079,11.5753822
314,Portugal,Lisbon,desktop,1125,0,38.7077507,-9.1365919
316,United States,Mountain View,tablet,1105,2,37.3893889,-122.0832101
317,Chile,Santiago,desktop,1095,2,-33.4377756,-70.6504502
318,Poland,Warsaw,mobile,1090,0,52.2337172,21.071432235636493
319,Italy,Rome,desktop,1082,0,41.8933203,12.4829321
321,Italy,Milan,mobile,1070,0,45.4641943,9.1896346
323,Spain,Madrid,mobile,1058,0,40.4167047,-3.7035825
324,United States,Chico,desktop,1044,0,39.7284945,-121.8374777
328,Bulgaria,Sofia,desktop,1029,0,42.6977028,23.3217359
329,United States,Portland,desktop,1028,5,45.5202471,-122.674194
330,Austria,Vienna,desktop,1028,0,48.2083537,16.3725042
332,United States,Charlotte,mobile,1022,2,35.2272086,-80.8430827
333,Tunisia,Tunis,desktop,995,0,36.8002068,10.1857757
334,Spain,Pozuelo de Alarcon,desktop,986,0,40.4346528,-3.814834
335,Australia,Sydney,tablet,980,0,-33.8698439,151.2082848
336,Netherlands,Amsterdam,mobile,979,0,52.3730796,4.8924534
337,Vietnam,Da Nang,desktop,977,0,16.068,108.212
338,Sri Lanka,Colombo,desktop,972,0,6.9388614,79.8542005
340,United States,Philadelphia,mobile,962,3,39.9527237,-75.1635262
341,Australia,Brisbane,mobile,954,0,-27.4689682,153.0234991
342,New Zealand,Auckland,desktop,942,0,-36.852095,174.7631803
343,United States,Piscataway Township,desktop,938,0,40.5462553,-74.4660408
345,United States,Denver,mobile,917,3,39.7392364,-104.984862
346,Germany,Berlin,mobile,915,0,52.5108638,13.3989421
349,Canada,New York,desktop,901,8,40.736942049999996,-73.86344804697832
351,Germany,Frankfurt,desktop,896,0,50.1106444,8.6820917
352,United States,San Antonio,mobile,892,2,29.4246002,-98.4951405
353,Croatia,Zagreb,desktop,892,0,45.8130967,15.9772795
355,United States,Nashville,desktop,877,12,36.1622767,-86.7742984
356,Philippines,Makati,desktop,877,0,14.5567949,121.0211226
359,United States,Minneapolis,desktop,849,2,44.9772995,-93.2654692
360,Philippines,Manila,desktop,844,0,14.5906346,120.9799964
361,United States,Phoenix,mobile,842,3,33.4484367,-112.074141
362,Japan,Shibuya,desktop,841,0,35.6645956,139.6987107
363,Japan,Shinjuku,mobile,838,0,35.6937632,139.7036319
364,Japan,Osaka,mobile,838,0,34.6937569,135.5014539
365,Philippines,Cebu City,desktop,827,0,10.2931062,123.9020773
367,Canada,Calgary,desktop,807,2,51.0456064,-114.057541
370,Canada,Burnaby,desktop,805,0,49.2433804,-122.972545
372,United States,Orlando,desktop,783,3,28.5421109,-81.3790304
374,Colombia,Bogota,mobile,781,0,4.6533816,-74.0836333
377,Switzerland,Zurich,mobile,767,0,47.3744489,8.5410422
379,Vietnam,Ho Chi Minh City,mobile,758,0,10.7763897,106.7011391
382,Russia,Moscow,mobile,743,0,55.625578,37.6063916
383,Pakistan,Karachi,desktop,742,0,24.8546842,67.0207055
384,United States,Council Bluffs,desktop,740,4,41.258841,-95.8519484
385,Poland,Krakow,desktop,730,0,50.0619474,19.9368564
386,Canada,Toronto,tablet,726,0,43.6534817,-79.3839347
390,Poland,Poznan,desktop,719,0,52.4082663,16.9335199
391,Germany,Hamburg,mobile,719,0,53.550341,10.000654
393,Vietnam,Hai Phong,desktop,709,0,20.858864,106.6749591
396,United States,Smyrna,desktop,690,0,39.2998339,-75.6046494
397,Indonesia,Bandung,desktop,685,0,-6.9215529,107.6110212
402,United States,Chicago,tablet,655,1,41.8755616,-87.6244212
403,Canada,London,desktop,655,0,42.9832406,-81.243372
404,Sri Lanka,Colombo,mobile,653,0,6.9388614,79.8542005
406,Colombia,Medellin,desktop,643,0,6.2697018,-75.60252574475943
407,United States,Las Vegas,desktop,642,0,36.1672559,-115.148516
408,Uruguay,Montevideo,desktop,633,0,-34.9058916,-56.1913095
415,Austria,Vienna,mobile,614,0,48.2083537,16.3725042
416,Saudi Arabia,Jeddah,desktop,607,0,21.5810088,39.1653612
417,United States,Milpitas,mobile,606,0,37.4332273,-121.8989248
419,United States,Cupertino,mobile,602,1,37.3228934,-122.0322895
420,India,Erode,desktop,600,0,11.49052815,77.35052739885393
422,Canada,Vancouver,mobile,592,0,49.2608724,-123.113952
424,Sweden,Stockholm,mobile,583,0,59.3251172,18.0710935
427,United States,South San Francisco,desktop,574,3,37.6535403,-122.4168664
428,France,Marseille,desktop,572,0,43.2961743,5.3699525
430,Hong Kong,Hong Kong,tablet,570,0,22.2793278,114.1628131
432,United Kingdom,Canterbury,desktop,567,0,51.2800275,1.0802533
434,Japan,Yokohama,desktop,558,1,35.4443947,139.6367727
435,Argentina,Santa Fe,desktop,550,0,-30.3154739,-61.1645076
436,Turkey,Bursa,desktop,547,0,39.9895878,28.8944669
437,United States,Irvine,mobile,541,1,33.6856969,-117.825981
438,Pakistan,Lahore,desktop,541,0,31.5656822,74.3141829
440,Malaysia,Kampar,desktop,534,0,4.3,101.15
441,Canada,Mississauga,desktop,533,0,43.5896231,-79.6443879
442,Philippines,Quezon City,mobile,531,0,14.6510546,121.0486254
443,United States,Orlando,mobile,529,1,28.5421109,-81.3790304
444,United States,Laguna Beach,desktop,528,0,33.5426975,-117.785366
446,Peru,La Victoria,mobile,514,0,-12.0639584,-77.0300254
447,United States,Austin,tablet,513,0,30.2711286,-97.7436995
448,Germany,Munich,mobile,513,0,48.1371079,11.5753822
449,United States,Pittsburgh,mobile,511,2,40.4416941,-79.9900861
455,Argentina,Buenos Aires,mobile,495,0,-34.6073387,-58.4432852
458,United States,Houston,tablet,485,0,29.7589382,-95.3676974
459,United States,Kalamazoo,desktop,483,0,42.291707,-85.5872286
460,Poland,Wroclaw,desktop,480,0,51.1089776,17.0326689
461,Belgium,Brussels,desktop,479,0,50.8550018,4.3512333761166175
462,United States,Washington,tablet,479,1,47.2868352,-120.212613
463,Mexico,Monterrey,desktop,474,0,25.6802019,-100.315258
464,United Arab Emirates,Dubai,mobile,474,0,25.074282349999997,55.18853865430702
468,Italy,Rome,mobile,468,0,41.8933203,12.4829321
469,Thailand,Bangkok,tablet,466,0,13.7524938,100.4935089
470,China,Ningbo,desktop,465,0,29.8622194,121.6203873
474,Thailand,Nakhon Pathom,desktop,462,0,13.8918425,100.0165659
476,Brazil,Belo Horizonte,desktop,459,0,-19.9227318,-43.9450948
477,Canada,Montreal,tablet,459,0,45.5031824,-73.5698065
481,Russia,Saint Petersburg,desktop,451,0,59.938732,30.316229
482,United States,Kansas City,desktop,450,5,39.100105,-94.5781416
486,Vietnam,Thai Nguyen,desktop,443,0,21.6498502,105.8351394
487,Pakistan,Karachi,mobile,443,0,24.8546842,67.0207055
489,Japan,Yokohama,mobile,442,0,35.4443947,139.6367727
490,Canada,Ottawa,desktop,434,1,45.4208777,-75.6901106
491,United States,London,desktop,434,1,37.1283343,-84.0835576
492,United States,Santa Clara,tablet,427,1,37.2333253,-121.6846349
493,India,Indore,mobile,426,0,22.7203616,75.8681996
496,United States,Oakland,mobile,415,0,37.8044557,-122.271356
497,United States,Detroit,mobile,413,0,42.3315509,-83.0466403
500,Spain,Barcelona,mobile,408,0,41.3828939,2.1774322
501,Singapore,Singapore,tablet,406,0,1.357107,103.8194992
503,United States,Maracaibo,desktop,404,6,27.0036355,-82.06282030131123
504,United States,Oshkosh,desktop,402,0,44.0206919,-88.5408574
505,United States,Miami,mobile,402,2,25.7741728,-80.19362
506,France,Courbevoie,desktop,399,0,48.8953328,2.2561602
507,Romania,Cluj-Napoca,mobile,397,0,46.769379,23.5899542
508,United States,Portland,mobile,392,1,45.5202471,-122.674194
509,Hungary,Budapest,mobile,390,0,47.4978789,19.0402383
510,United States,Cambridge,mobile,389,1,42.3656347,-71.1040018
511,Georgia,Tbilisi,desktop,389,0,41.6934591,44.8014495
513,United States,Maracaibo,tablet,387,6,27.0036355,-82.06282030131123
515,France,Bordeaux,desktop,383,0,44.841225,-0.5800364
516,Egypt,Alexandria,desktop,378,0,31.1991806,29.8951716
517,United States,San Mateo,mobile,377,1,37.496904,-122.3330573
518,France,Montreuil,desktop,376,0,50.4638918,1.7631125
521,Nigeria,Lagos,desktop,365,0,6.4550575,3.3941795
522,United States,Nashville,mobile,364,0,36.1622767,-86.7742984
523,United States,Salem,mobile,362,0,44.9391565,-123.033121
525,United States,San Bruno,mobile,361,0,37.6248536,-122.4145986
527,Turkey,Antalya,desktop,361,0,36.8864752,30.7029585
530,Indonesia,Surabaya,desktop,359,0,-7.2459717,112.7378266
531,United States,Miami,desktop,357,2,25.7741728,-80.19362
532,Japan,Chiyoda,desktop,356,0,35.6938097,139.7532163
534,India,Lucknow,mobile,353,0,26.8381,80.9346001
538,Greece,Athens,mobile,348,1,37.9755648,23.7348324
539,United States,Oviedo,desktop,346,0,28.6702526,-81.2084941
541,United States,Kirkland,mobile,343,1,47.6765382,-122.2070775
543,Spain,Villafranca del Castillo,desktop,339,0,40.4739561,-3.9450497
544,Serbia,Belgrade,desktop,338,0,44.8178131,20.4568974
547,United States,Richardson,desktop,330,0,32.9481789,-96.7297206
548,United States,Minneapolis,mobile,329,4,44.9772995,-93.2654692
550,Canada,Mississauga,mobile,326,0,43.5896231,-79.6443879
551,Saudi Arabia,Riyadh,mobile,324,0,23.333333,45.333333
552,Canada,Calgary,mobile,322,0,51.0456064,-114.057541
553,Canada,Mountain View,desktop,320,1,49.133333,-113.6
554,Netherlands,Utrecht,desktop,317,0,52.080985600000005,5.12768396945229
555,India,Indore,desktop,316,0,22.7203616,75.8681996
557,United States,Salt Lake City,desktop,315,2,40.7596198,-111.886797
559,United States,Menlo Park,desktop,311,1,37.4519671,-122.177992
560,United States,Raleigh,desktop,310,1,35.7803977,-78.6390989
561,France,Paris,tablet,309,0,48.8534951,2.3483915
563,Romania,Timisoara,mobile,309,0,45.7538355,21.2257474
564,France,Lyon,desktop,307,0,45.7578137,4.8320114
568,United States,Boulder,mobile,304,1,40.0149856,-105.270545
569,Czechia,Prague,mobile,304,0,50.0874654,14.4212535
571,Guatemala,Guatemala City,desktop,301,0,14.6424667,-90.5131361
572,Malaysia,Petaling Jaya,desktop,298,0,3.0988792,101.6454202
573,United States,Atlanta,tablet,298,0,33.7489924,-84.3902644
574,Spain,Bilbao,desktop,297,0,43.2630018,-2.9350039
575,Netherlands,Rotterdam,desktop,295,0,51.9244424,4.47775
576,United States,Bothell,desktop,295,2,47.7623204,-122.2054035
577,Ukraine,Kiev,mobile,289,0,50.4500336,30.5241361
578,United States,Evanston,desktop,289,1,42.0470043,-87.6846053
579,United States,Seattle,tablet,288,1,47.6038321,-122.330062
580,France,Lille,desktop,286,0,50.6365654,3.0635282
583,United Kingdom,Manchester,desktop,281,0,53.4794892,-2.2451148
586,Brazil,Curitiba,desktop,278,0,-25.4295963,-49.2712724
587,United States,Jersey City,mobile,277,2,40.7215682,-74.047455
588,India,Jaipur,mobile,277,0,26.9154576,75.8189817
589,India,Jaipur,desktop,276,0,26.9154576,75.8189817
593,Ireland,Dublin,tablet,269,0,53.3493795,-6.2605593
594,Thailand,Mueang Chiang Mai District,desktop,269,0,18.7620828,98.995209
598,Turkey,Adana,desktop,264,0,37.1438001,35.4984094
599,Saudi Arabia,Jeddah,mobile,263,0,21.5810088,39.1653612
600,United States,Goose Creek,desktop,262,3,32.9961038,-80.0387292
602,Kenya,Nairobi,mobile,260,0,-1.3026148499999999,36.82884201813725
603,Ireland,Cork,desktop,259,0,51.897077,-8.4654674
604,United States,Dallas,tablet,258,0,32.7762719,-96.7968559
605,Spain,Malaga,desktop,258,0,36.7213028,-4.4216366
608,United States,Berkeley,desktop,255,2,37.8708393,-122.272863
611,United States,Fresno,mobile,252,0,36.7394421,-119.78483
612,Turkey,Istanbul,tablet,252,0,41.006381,28.9758715
613,United States,San Diego,tablet,251,0,32.7174202,-117.162772
615,United States,Lehi,desktop,250,0,40.3881114,-111.8486019
617,United States,Palo Alto,tablet,249,0,37.4443293,-122.1598465
618,Vietnam,Ho Chi Minh City,tablet,248,0,10.7763897,106.7011391
620,Philippines,Makati,mobile,245,0,14.5567949,121.0211226
621,Japan,Chuo,desktop,245,0,35.666255,139.775565
622,United States,Milpitas,tablet,244,0,37.4332273,-121.8989248
624,Brazil,Sao Paulo,tablet,243,0,-23.5506507,-46.6333824
626,Spain,Ciudad Real,desktop,239,0,38.959734749999996,-3.8828744402485436
629,Vietnam,Buon Ma Thuot,desktop,237,0,12.6796827,108.0447368
630,Israel,Kiryat Ono,desktop,236,0,32.0594063,34.8575826143052
631,Brazil,Brasilia,desktop,236,0,-10.3333333,-53.2
632,Canada,Waterloo,desktop,236,0,43.4652699,-80.5222961
633,United States,Hyderabad,desktop,236,0,29.788534,-95.6464929
634,United States,Omaha,desktop,234,6,41.2587459,-95.9383758
635,India,Chennai,tablet,234,0,13.0836939,80.270186
637,United States,Toronto,desktop,231,3,41.9048584,-90.8640346
638,Vietnam,Hai Duong,desktop,231,0,20.8930571,106.3725441
641,United States,San Carlos,desktop,228,0,37.504936,-122.261823
642,United States,Cincinnati,desktop,227,1,39.1014537,-84.5124602
643,Egypt,Alexandria,mobile,226,0,31.1991806,29.8951716
644,Vietnam,Hanoi,mobile,224,0,21.0283334,105.854041
645,Norway,Oslo,desktop,224,0,59.9133301,10.7389701
646,United States,Dahlonega,desktop,223,0,34.5328484,-83.9845723
647,Australia,Perth,desktop,223,0,-31.9558933,115.8605855
648,India,Kharagpur,desktop,223,0,25.132982,86.52484857739515
649,Vietnam,Vung Tau,desktop,222,0,10.3486485,107.0765028
651,United States,Wellesley,desktop,221,0,42.2964859,-71.2925571
654,Lithuania,Vilnius,desktop,221,0,54.6870458,25.2829111
655,United States,(not set),tablet,219,0,42.2569876,-72.0765352
661,Australia,Brisbane,tablet,211,0,-27.4689682,153.0234991
663,Pakistan,Lahore,mobile,210,0,31.5656822,74.3141829
667,Nigeria,Lagos,mobile,204,0,6.4550575,3.3941795
668,United States,Westlake Village,desktop,204,0,34.1460234,-118.8061794
669,Jordan,Am√£,desktop,202,0,31.9515694,35.9239625
672,Azerbaijan,Baku,desktop,199,0,40.3755885,49.8328009
674,Venezuela,Cabimas,desktop,199,0,10.395075,-71.4414049
676,United States,Coffeyville,desktop,197,0,37.0372999,-95.6163634
677,Venezuela,Jakarta,desktop,197,4,-6.2349535,106.8233733
678,New Zealand,Auckland,mobile,196,0,-36.852095,174.7631803
679,Denmark,Copenhagen,desktop,196,0,55.6867243,12.5700724
680,Turkey,Ankara,mobile,195,0,39.9207759,32.8540497
681,United States,University Park,desktop,194,0,41.4400344,-87.683377
682,Argentina,Rosario,desktop,193,0,-32.9593609,-60.6617024
683,India,Mumbai,tablet,192,0,19.08157715,72.88662753964906
685,Brazil,Porto Alegre,desktop,191,0,-30.0324999,-51.2303767
688,Ecuador,Quito,desktop,189,1,-0.2201641,-78.5123274
689,Malaysia,Subang Jaya,desktop,188,0,3.051487,101.5823339
690,Ukraine,Kiev,tablet,187,0,50.4500336,30.5241361
691,United States,Sacramento,mobile,187,0,38.5810606,-121.493895
692,Israel,Tel Aviv-Yafo,tablet,187,0,32.0852997,34.7818064
693,United States,Fresno,desktop,186,1,36.7394421,-119.78483
694,Romania,Oradea,mobile,186,0,47.0549163,21.9285231
695,Canada,Quebec City,mobile,185,0,46.8137431,-71.2084061
698,Indonesia,Bandung,mobile,184,0,-6.9215529,107.6110212
699,Peru,Santiago de Surco,desktop,184,0,-12.1278182,-76.9863774
700,United States,Philadelphia,tablet,183,0,39.9527237,-75.1635262
703,United Arab Emirates,Abu Dhabi,desktop,182,0,24.4538352,54.3774014
705,Chile,Santiago,mobile,181,0,-33.4377756,-70.6504502
710,United States,Singapore,desktop,178,2,39.336243,-94.157293
711,Ukraine,Kharkiv,desktop,178,0,49.9923181,36.2310146
712,India,Bengaluru,tablet,178,0,12.9767936,77.590082
716,Turkey,Izmir,mobile,174,0,38.4237433,27.1428019
717,United States,Edison,desktop,173,0,40.518157,-74.4113926
718,Vietnam,Dalat,desktop,173,0,11.9402416,108.4375758
719,United States,Hamden,desktop,171,1,42.1911969,-74.9946083
720,United States,Atwater,desktop,171,3,45.1363343,-94.7810199
721,United States,Detroit,desktop,171,1,42.3315509,-83.0466403
722,United States,Louisville,desktop,170,0,38.2542376,-85.759407
723,South Korea,Seoul,tablet,170,0,37.5666791,126.9782914
724,Mexico,Monterrey,mobile,169,0,25.6802019,-100.315258
725,Egypt,Cairo,desktop,169,0,30.0443879,31.2357257
731,Belarus,Minsk,desktop,166,0,53.9024716,27.5618225
734,United States,Dublin,desktop,166,0,37.7021521,-121.9357918
735,Spain,Madrid,tablet,165,0,40.4167047,-3.7035825
736,United States,Paris,desktop,164,0,33.6617962,-95.555513
737,United States,San Mateo,tablet,164,1,37.496904,-122.3330573
738,Canada,San Francisco,desktop,163,2,45.6310942,-73.8178925
739,United States,Bellevue,desktop,163,1,47.6144219,-122.192337
740,United States,Rexburg,desktop,163,0,43.8235163,-111.787022
744,Netherlands,Oude Meer,desktop,159,0,52.2893011,4.7870184
745,Vietnam,Nha Trang,desktop,158,0,12.2431693,109.1898675
748,United States,Ridgewood,desktop,156,0,40.9796683,-74.1194403
753,United States,San Antonio,tablet,153,1,29.4246002,-98.4951405
754,Romania,Alba Iulia,mobile,153,0,46.0687385,23.5704398
756,United States,Pleasanton,desktop,151,2,37.6624312,-121.8746789
757,Iraq,San Jose,desktop,151,0,17.9812714,-92.9070716
758,United States,Mumbai,desktop,149,0,36.3537136,-94.3133228
759,India,Hyderabad,tablet,149,0,17.360589,78.4740613
760,United States,Pryor,desktop,147,0,36.3084275,-95.3169136
761,United States,Akron,desktop,147,0,41.083064,-81.518485
763,India,Chandigarh,desktop,145,0,30.7334421,76.7797143
764,United Kingdom,Leeds,desktop,145,0,53.7974185,-1.5437941
766,United States,Riverside,desktop,145,1,33.7219991,-116.0372472
767,Spain,Barcelona,tablet,144,0,41.3828939,2.1774322
768,United States,Mankato,desktop,143,0,44.1634663,-93.9993505
769,India,Sunnyvale,desktop,143,1,9.9990962,76.35856414614469
770,United States,Thornton,desktop,143,0,39.8695516,-104.985181
771,United States,Fremont,tablet,142,0,37.5482697,-121.988571
772,Sweden,Gothenburg,mobile,142,0,57.7072326,11.9670171
773,Colombia,Cali,desktop,141,0,3.4108435,-76.58121271109312
774,United States,Ashburn,tablet,141,0,39.030019100000004,-77.46964646557657
775,India,Noida,desktop,141,0,28.5706333,77.3272147
776,United States,Greer,desktop,139,0,34.9326334,-99.5435856
777,Mexico,Mexico City,tablet,138,0,19.4326296,-99.1331785
778,Tunisia,Tunis,mobile,138,0,36.8002068,10.1857757
779,United States,Honolulu,desktop,138,0,21.304547,-157.855676
780,Malaysia,Kuala Lumpur,tablet,138,0,3.1516964,101.6942371
781,Denmark,Aalborg,desktop,137,0,57.0462626,9.9215263
783,United States,Redwood City,tablet,136,0,37.4863239,-122.232523
785,United States,Columbus,mobile,135,0,39.9622601,-83.0007065
786,Australia,Perth,mobile,135,0,-31.9558933,115.8605855
787,India,Chandigarh,mobile,135,0,30.7334421,76.7797143
788,United States,Indianapolis,desktop,134,1,39.7683331,-86.1583502
789,Morocco,Casablanca,desktop,134,0,33.5945144,-7.6200284
790,China,Shanghai,desktop,133,0,31.2312707,121.4700152
791,Taiwan,Minxiong Township,desktop,132,0,23.551456,120.428577
792,United States,Irvine,tablet,132,1,33.6856969,-117.825981
793,Finland,Helsinki,desktop,131,0,60.1674881,24.9427473
795,Colombia,Medellin,mobile,131,0,6.2443382,-75.573553
796,Italy,Milan,tablet,130,0,45.4641943,9.1896346
798,United States,Fort Worth,desktop,130,2,32.753177,-97.3327459
799,Russia,Moscow,tablet,130,0,55.625578,37.6063916
800,Japan,Nagano,desktop,130,0,36.1143945,138.0319015
801,South Africa,Cape Town,desktop,129,0,-33.928992,18.417396
804,Venezuela,Maracaibo,mobile,129,0,10.6498095,-71.6443596
807,United States,Sydney,desktop,127,0,27.9633563,-82.2073118
808,Colombia,Bogota,tablet,127,0,4.6533816,-74.0836333
810,India,Kochi,desktop,127,0,9.9674277,76.2454436
812,Vietnam,Can Tho,desktop,126,0,10.0364634,105.7875821
813,United States,North Attleborough,desktop,126,1,41.9841334,-71.3322798
814,Vietnam,Vinh,desktop,125,0,18.6698528,105.6840371
816,France,Issy-les-Moulineaux,desktop,125,0,48.8250508,2.273457
817,Macedonia (FYROM),Skopje,desktop,125,0,41.9961816,21.4319213
820,United States,Plano,desktop,124,0,33.0136764,-96.6925096
821,United States,Melbourne,desktop,124,0,28.106471,-80.6371513
822,Vietnam,My Tho,desktop,124,0,10.3606197,106.3658439
823,Ukraine,Dnipro,desktop,122,0,48.4680221,35.0417711
824,Canada,Edmonton,desktop,119,0,53.5462055,-113.491241
825,India,Lucknow,desktop,119,0,26.8381,80.9346001
826,Kenya,Nairobi,desktop,119,0,-1.3026148499999999,36.82884201813725
827,United States,Rio de Janeiro,desktop,119,1,30.25806815,-97.6819316891347
828,Turkey,Konya,desktop,119,0,38.0211951,32.5224943
829,Ukraine,Kyiv,desktop,118,0,50.4500336,30.5241361
830,India,Erode,mobile,118,0,11.49052815,77.35052739885393
831,Italy,Turin,desktop,117,0,45.0677551,7.6824892
834,Switzerland,Geneva,desktop,117,0,46.2017559,6.1466014
836,Turkey,Mersin,desktop,116,0,36.8328277,33.9685895
837,United States,Phoenix,tablet,116,0,33.4484367,-112.074141
839,United States,Byron,desktop,116,0,44.0325922,-92.6454395
840,United States,El Paso,mobile,116,1,31.7601164,-106.4870404
843,United States,Forest Park,desktop,116,0,41.8794989,-87.8136997
844,United States,Union City,desktop,116,0,37.5872576,-122.0215737
846,United States,Bellflower,desktop,115,0,33.8825705,-118.1167679
847,United States,Camden,desktop,115,0,39.9448402,-75.1198911
848,United States,Newtonville,desktop,114,0,42.3506004,-71.2069963
850,United Kingdom,Chicago,desktop,114,4,51.1163375,-0.5411583
851,Lithuania,Vilnius,tablet,114,0,54.6870458,25.2829111
852,Indonesia,Jakarta,tablet,114,0,-6.175247,106.8270488
854,United States,Wheaton,desktop,113,0,41.8646959,-88.1101709
856,Taiwan,Neipu Township,desktop,112,0,22.6121044,120.5666739
858,United Kingdom,Manchester,tablet,111,0,53.4794892,-2.2451148
859,Latvia,Riga,desktop,111,0,56.9493977,24.1051846
861,Croatia,Zagreb,mobile,111,0,45.84264135,15.962231476593626
862,India,New Delhi,tablet,110,0,28.6138954,77.2090057
864,United States,Madison,mobile,109,0,43.074761,-89.3837613
865,France,Quimper,desktop,109,0,47.9960325,-4.1024782
866,Canada,St. John's,desktop,109,0,47.5614705,-52.7126162
867,Japan,Sakai,desktop,108,0,34.5289178,135.5015548
868,Germany,Dusseldorf,desktop,107,0,51.2254018,6.7763137
870,Ukraine,Odessa,desktop,107,0,46.4843023,30.7322878
871,Netherlands,Breda,desktop,107,0,51.5887845,4.7760237
872,Netherlands,Amsterdam,tablet,107,0,52.3730796,4.8924534
873,United States,Tunis,desktop,107,1,35.9661824,-90.5378855
874,Romania,Deva,mobile,106,0,45.8817402,22.9008611
875,Germany,Cologne,desktop,105,0,50.938361,6.959974
876,Philippines,Davao City,desktop,104,0,7.0648306,125.6080623
877,Germany,Amberg,desktop,104,0,49.4454211,11.858728
878,Brazil,Goiania,desktop,104,0,-16.680882,-49.2532691
879,India,Navi Mumbai,desktop,104,0,19.0308262,73.0198537
883,Germany,Cologne,mobile,101,0,50.938361,6.959974
887,United States,Raleigh,mobile,101,0,35.7803977,-78.6390989
889,United States,Norfolk,desktop,100,0,36.8493695,-76.2899539
890,Slovakia,Bratislava,mobile,100,0,48.1516988,17.1093063
891,Germany,Frankfurt,mobile,100,0,50.1106444,8.6820917
893,United States,Whitewater,desktop,99,0,37.9647365,-97.1475347
894,United States,Cupertino,tablet,99,0,37.3228934,-122.0322895
895,Switzerland,Zurich,tablet,98,0,47.3744489,8.5410422
897,Japan,Shinjuku,tablet,98,0,35.6937632,139.7036319
898,United States,Lenoir,desktop,98,1,35.2590371,-77.6484879
899,Canada,Kitchener,mobile,98,0,43.451291,-80.4927815
900,Morocco,Casablanca,mobile,97,0,33.5945144,-7.6200284
902,United States,Sandy Springs,desktop,97,1,33.9242688,-84.3785379
904,United States,Avon,desktop,96,0,40.6642065,-90.4348506
905,United States,Buenos Aires,desktop,95,0,31.5212005,-111.6573325
906,Germany,Hamburg,tablet,95,0,53.550341,10.000654
908,Czechia,Brno,desktop,94,0,49.1922443,16.6113382
909,India,Patna,desktop,94,0,25.6093239,85.1235252
910,Germany,Stuttgart,desktop,94,0,48.7784485,9.1800132
912,Canada,Vancouver,tablet,93,0,49.2608724,-123.113952
913,Vietnam,Hue,desktop,93,0,16.4639321,107.5863388
914,United Kingdom,Liverpool,desktop,93,0,53.4071991,-2.99168
917,Brazil,Campinas,desktop,93,0,-22.9056391,-47.059564
918,Canada,Deep River,desktop,93,0,46.101328,-77.487602
919,France,Villeneuve-d'Ascq,desktop,93,0,50.6193174,3.1314002
920,United States,Sacramento,desktop,92,0,38.5810606,-121.493895
921,Canada,Ottawa,mobile,92,2,45.4208777,-75.6901106
922,Portugal,Lisbon,mobile,92,0,38.7077507,-9.1365919
923,Denmark,Odense,desktop,92,0,55.3997225,10.3852104
924,United States,Pueblo,desktop,91,0,38.263995,-104.6141867
925,Romania,Cluj-Napoca,desktop,91,0,46.769379,23.5899542
927,France,Pessac,desktop,90,0,44.805615,-0.6308396
928,United States,Oakland,tablet,90,0,37.8044557,-122.271356
929,Singapore,Jakarta,mobile,90,0,-6.1492814,106.91642387568497
930,United States,The Dalles,desktop,90,0,45.6015056,-121.1841587
933,Spain,London,desktop,89,0,39.4747112,-0.3798074
934,United States,Boston,tablet,89,0,42.3554334,-71.060511
935,United States,Honolulu,mobile,89,0,21.304547,-157.855676
936,Spain,Valencia,desktop,88,0,39.4697065,-0.3763353
937,Spain,Seville,desktop,88,0,37.3886303,-5.9953403
939,United States,Santa Monica,desktop,88,0,34.0194704,-118.491227
940,Slovakia,Bratislava,desktop,87,0,48.1516988,17.1093063
941,United States,Las Vegas,mobile,87,1,36.1672559,-115.148516
942,United Kingdom,Salford,desktop,86,0,53.4877463,-2.2891921
943,United States,Druid Hills,desktop,86,0,38.2636818,-85.6616282
944,United States,Barcelona,mobile,86,1,31.852661,-91.4228949
945,United States,East Lansing,desktop,86,0,42.7320307,-84.4721678
946,Poland,Rzeszow,desktop,86,0,50.013064,22.016143457294312
947,United States,Kansas City,mobile,86,0,39.100105,-94.5781416
949,United Kingdom,Glasgow,desktop,85,0,55.861155,-4.2501687
953,United Kingdom,Mountain View,desktop,85,0,51.5183473,-3.69591
954,United States,Overland Park,desktop,85,0,38.9742502,-94.6851702
957,Brazil,Rio de Janeiro,mobile,84,0,-22.9110137,-43.2093727
958,United States,San Marcos,desktop,84,1,29.8826436,-97.9405828
960,France,Vincennes,desktop,83,0,48.8474508,2.4396714
961,United States,McAllen,desktop,83,0,26.204114,-98.2300605
962,United States,Milwaukee,desktop,83,1,43.0386475,-87.9090751
963,Canada,Brampton,desktop,83,0,43.685832,-79.7599366
964,United Kingdom,Egham,mobile,82,0,51.4312585,-0.5473085
965,Spain,Zaragoza,desktop,82,0,41.6521342,-0.8809428
966,Bulgaria,Sofia,mobile,81,0,42.6977028,23.3217359
968,Denmark,Copenhagen,mobile,80,0,55.6867243,12.5700724
969,United States,Hayward,mobile,80,0,37.6688205,-122.080796
971,United States,El Paso,desktop,79,0,31.7601164,-106.4870404
972,India,Patna,mobile,79,0,25.6093239,85.1235252
973,United States,Ashburn,mobile,79,0,39.030019100000004,-77.46964646557657
974,United Kingdom,Oxford,desktop,79,0,51.7520131,-1.2578499
975,Indonesia,Surabaya,mobile,78,0,-7.2459717,112.7378266
981,Poland,Krakow,mobile,76,0,50.0469432,19.997153435836697
982,Vietnam,Thai Binh,desktop,76,0,20.5296832,106.3876068
984,Qatar,Doha,desktop,76,0,25.2856329,51.5264162
987,Poland,Warsaw,tablet,76,0,52.2319581,21.0067249
988,United States,Newark,desktop,76,0,40.735657,-74.1723667
989,India,Kolkata,tablet,75,0,22.5726459,88.3638953
990,United States,Vienna,desktop,75,1,38.9013729,-77.2651762
991,Mexico,Culiacan,desktop,75,0,24.7978965,-107.393395
992,Australia,Perth,tablet,75,0,-31.9558933,115.8605855
993,United States,Normandy,desktop,75,0,38.7208842,-90.2973359
994,United States,Tampa,desktop,75,0,27.9477595,-82.458444
995,Russia,Saint Petersburg,mobile,75,0,59.938732,30.316229
996,Japan,Sapporo,desktop,75,0,43.061936,141.3542924
997,United States,Charlotte,tablet,74,0,35.2272086,-80.8430827
998,Philippines,Singapore,desktop,74,0,8.0735158,126.2299865
1000,Mexico,Cancun,desktop,73,0,21.1618955,-86.8514988
1003,United States,Montreal,mobile,72,0,37.9689254,-92.5921247
1004,United States,Fort Collins,desktop,72,1,40.5871782,-105.0770113
1006,India,Gurgaon,tablet,71,0,28.4646148,77.0299194
1007,United States,Danville,desktop,71,0,40.125222,-87.6304614
1008,India,Ahmedabad,tablet,71,0,23.0215374,72.5800568
1009,Germany,Berlin,tablet,70,0,52.5108638,13.3989421
1011,United States,Dundalk,tablet,69,1,39.26243505,-76.48705853403081
1012,Slovakia,Kosice,desktop,69,0,48.7172272,21.2496774
1013,Poland,Katowice,desktop,69,0,50.2137321,19.00588775660632
1014,United States,Bellingham,desktop,68,0,48.7544012,-122.478836
1015,Argentina,Cordoba,desktop,68,0,-31.4166867,-64.1834193
1016,Venezuela,Los Angeles,desktop,68,1,9.0282296,-71.3064194
1017,Latvia,Riga,mobile,68,0,56.9493977,24.1051846
1018,Japan,Minato,tablet,68,0,35.6432274,139.7400553
1022,United States,Mexico City,desktop,67,0,40.8861685,-80.64944633666795
1023,Vietnam,Qui Nhon,desktop,67,0,13.7696017,109.2314599
1026,United States,LaFayette,tablet,66,0,29.9978185,-83.2221527
1027,Greece,Athens,tablet,66,0,37.9755648,23.7348324
1028,India,Bhubaneswar,desktop,66,0,20.2602964,85.8394521
1029,Vietnam,Hanoi,tablet,66,0,21.0283334,105.854041
1030,United Kingdom,Birmingham,desktop,66,0,52.4796992,-1.9026911
1031,Japan,Naha,desktop,66,0,26.2122345,127.6791452
1033,Canada,Chicago,desktop,65,0,43.58908625,-79.64908630883879
1035,United States,Krakow,desktop,65,0,38.497603,-91.0458409
1036,Netherlands,Schagen,desktop,65,0,52.78822125,4.741356804254988
1040,India,Pune,tablet,64,0,18.521428,73.8544541
1042,United States,Mexico City,mobile,64,0,40.8861685,-80.64944633666795
1044,Japan,Yokohama,tablet,64,0,35.4443947,139.6367727
1046,Turkey,Kayseri,desktop,63,0,38.6582232,35.5546374
1048,United States,Anaheim,tablet,63,0,33.8347516,-117.911732
1049,Italy,Rome,tablet,62,0,41.8933203,12.4829321
1050,Ukraine,Kyiv,mobile,62,0,50.4500336,30.5241361
1051,Spain,Almeria,desktop,62,0,36.8414197,-2.4628135
1053,United States,Saint Paul,desktop,61,0,44.9497487,-93.0931028
1054,Belgium,Zaventem,desktop,61,0,50.8806207,4.4730008
1056,Vietnam,Hoi An,desktop,61,0,15.8795863,108.3319406
1057,United States,Louisville,mobile,61,0,38.2542376,-85.759407
1058,Saudi Arabia,Jeddah,tablet,61,0,21.5810088,39.1653612
1059,Australia,New York,desktop,61,1,41.4809489,-74.7748382
1060,Russia,Vladivostok,desktop,61,0,43.1150678,131.8855768
1062,China,Mountain View,desktop,60,1,22.30294755,114.01114589488887
1063,United States,Indianapolis,mobile,60,0,39.7683331,-86.1583502
1064,India,(not set),tablet,60,0,9.326573849999999,76.5380997348222
1065,India,Gurgaon,mobile,60,0,28.4646148,77.0299194
1066,United States,Montreal,desktop,60,1,37.9689254,-92.5921247
1067,United States,Stockholm,desktop,60,0,47.042522,-68.139954
1068,Argentina,Pinamar,desktop,60,0,-37.1099492,-56.8539007
1070,United Kingdom,Birmingham,mobile,59,0,52.4796992,-1.9026911
1071,Czechia,Prague,tablet,59,0,50.0874654,14.4212535
1073,Germany,Weingarten,desktop,59,0,47.8075299,9.6431145
1074,United States,Cambridge,tablet,59,0,42.3656347,-71.1040018
1075,Vietnam,New York,tablet,59,0,40.875694249999995,-73.60039555
1076,United States,Shiocton,desktop,59,0,44.4447055,-88.5789902
1077,France,Nice,desktop,59,0,43.7009358,7.2683912
1080,Philippines,Cebu City,mobile,58,0,10.2931062,123.9020773
1081,United States,Stanford,desktop,58,0,37.426540700000004,-122.17030545534064
1082,Italy,Naples,desktop,58,0,40.8358846,14.2487679
1084,United States,Columbus,tablet,58,0,39.9622601,-83.0007065
1085,Hungary,Budapest,tablet,58,0,47.48138955,19.14609412691246
1086,United Kingdom,Bournemouth,desktop,57,0,50.7201514,-1.8799118
1087,Taiwan,Dacun Township,desktop,57,0,23.9932012,120.5474109
1090,Singapore,Bangkok,desktop,57,0,1.2792183,103.8478591
1091,United States,Jacksonville,desktop,57,0,30.3321838,-81.655651
1092,United States,Hong Kong,desktop,57,0,18.3848631,-65.8285201
1093,Canada,Sherbrooke,desktop,57,0,45.403271,-71.889038
1099,United States,Tucson,desktop,56,0,32.2228765,-110.974847
1100,Austria,Vienna,tablet,56,0,48.2083537,16.3725042
1101,Australia,Mountain View,desktop,56,1,-29.5985,152.9346
1103,Netherlands,Leusden,desktop,56,0,52.130355,5.4286989
1105,Belgium,Brussels,mobile,55,0,50.8465573,4.351697
1106,Brazil,Salvador,desktop,55,0,-12.9822499,-38.4812772
1107,Spain,New York,mobile,55,1,43.2978242,-2.9872093
1110,United States,Pittsburgh,tablet,55,1,40.4416941,-79.9900861
1111,Argentina,Cordoba,mobile,55,0,-31.4166867,-64.1834193
1112,Japan,San Francisco,desktop,55,0,37.78514655,-122.43047512968477
1114,Kuwait,Kuwait City,desktop,55,0,29.3796532,47.9734174
1115,Philippines,Quezon City,tablet,55,0,14.6510546,121.0486254
1116,United States,Sacramento,tablet,55,1,38.5810606,-121.493895
1117,Greece,Thessaloniki,desktop,55,0,40.6403167,22.9352716
1119,Malaysia,Kampar,mobile,54,0,4.3,101.15
1121,United States,Walnut Creek,desktop,54,1,37.9020731,-122.0618702
1122,Estonia,Tallinn,desktop,54,0,59.4372155,24.7453688
1125,United States,Menlo Park,mobile,54,0,37.4519671,-122.177992
1126,United States,Charlottesville,mobile,54,0,38.029306,-78.4766781
1127,Denmark,Vejle,desktop,54,0,55.7000057,9.5333238
1129,Belarus,Brest,mobile,53,0,52.093751,23.6851851
1131,Belgium,Mechelen,desktop,53,0,51.0281381,4.4803453
1132,United Arab Emirates,Sharjah,desktop,53,0,25.2311534,54.21900831355923
1134,Romania,Bucharest,tablet,53,0,44.4361414,26.1027202
1137,South Korea,Seongnam-si,desktop,52,0,37.4201556,127.1262092
1139,United States,Ballinger,desktop,52,0,31.7411047,-99.9530698
1140,Switzerland,New York,desktop,52,1,42.1582985,-74.5223018
1143,United States,Ann Arbor,tablet,51,0,42.2813722,-83.7484616
1144,Switzerland,Madrid,desktop,51,0,47.3731853,8.5446831
1145,United States,Sao Paulo,desktop,51,0,-23.62902065,-46.696759133230195
1146,United States,Redwood City,mobile,51,0,37.4863239,-122.232523
1148,United States,Council Bluffs,mobile,51,0,41.258841,-95.8519484
1149,United Kingdom,San Francisco,desktop,50,0,14.3059102,120.9211926
1150,United States,Chamblee,desktop,50,0,33.892176,-84.2988296
1151,United Kingdom,New York,desktop,50,1,55.0252998,-1.4869496
1153,Canada,Edmonton,mobile,50,0,53.5462055,-113.491241
1154,Poland,Wroclaw,mobile,50,0,51.1089776,17.0326689
1155,United States,Santa Ana,mobile,50,0,33.7494951,-117.873221
1156,United States,North Richland Hills,desktop,50,0,32.8342952,-97.2289029
1157,United Kingdom,Manchester,mobile,50,0,53.4794892,-2.2451148
1159,Romania,Targu Mures,mobile,49,0,46.5446253,24.561196
1161,United States,Marlboro,desktop,49,0,34.5810346,-79.6742033
1163,Canada,San Francisco,mobile,49,0,45.6310942,-73.8178925
1167,United Kingdom,Molesey,desktop,48,0,51.4029006,-0.3713094
1168,United States,Miami,tablet,48,0,25.7741728,-80.19362
1169,United States,South El Monte,mobile,48,0,34.0519548,-118.0467339
1170,Canada,Quebec City,tablet,48,0,46.8137431,-71.2084061
1172,Saudi Arabia,Riyadh,tablet,48,0,24.638916,46.7160104
1173,United States,Jakarta,desktop,48,0,36.0543722,-114.9538896
1174,United States,Bangkok,tablet,47,0,32.639318,-105.722013
1176,Germany,Munich,tablet,47,0,48.1371079,11.5753822
1177,Netherlands,Dublin,desktop,47,0,53.2048106,6.468807
1178,China,Beijing,desktop,47,0,40.190632,116.412144
1179,India,Mountain View,desktop,47,0,18.79619585,73.33734057291431
1181,France,Pontivy,desktop,47,0,48.0647729,-2.9675702
1183,United States,Stanford,tablet,46,0,37.426540700000004,-122.17030545534064
1184,Colombia,Barranquilla,desktop,46,0,10.9938599,-74.7926118
1186,United States,Tampa,mobile,46,0,27.9477595,-82.458444
1187,United Arab Emirates,Dubai,tablet,46,0,25.074282349999997,55.18853865430702
1188,Japan,Shibuya,mobile,46,0,35.6645956,139.6987107
1190,United States,Seoul,desktop,45,0,33.462998,-86.821053
1192,Kazakhstan,Almaty,desktop,45,0,43.2363924,76.9457275
1193,Canada,Barrie,desktop,45,0,44.3893208,-79.6901302
1194,Belgium,Ghent,mobile,45,0,51.0538286,3.7250121
1196,Vietnam,Bien Hoa,tablet,45,0,10.9507929,106.8263284
1197,United States,Farmington Hills,desktop,45,0,42.4853125,-83.3771553
1198,United States,Hayward,desktop,44,0,37.6688205,-122.080796
1199,United States,Omaha,tablet,44,0,41.2587459,-95.9383758
1201,France,Vannes,desktop,44,0,47.6586772,-2.7599079
1202,United Kingdom,Altrincham,desktop,44,0,53.3839662,-2.3525463
1203,Turkey,Trabzon,desktop,44,0,41.0054605,39.7301463
1204,France,Montigny-le-Bretonneux,desktop,44,0,48.7698937,2.0381228
1207,United States,Tel Aviv-Yafo,desktop,43,0,32.0765147,34.7668035
1208,United States,Saratoga,desktop,43,1,43.0833231,-73.8712155
1210,United States,Allendale Charter Township,desktop,43,0,42.982786000000004,-85.94981414122381
1212,Belgium,Antwerp,desktop,43,0,51.2211097,4.3997081
1213,Venezuela,Caracas,desktop,43,0,10.5060934,-66.9146008
1215,Sweden,Stockholm,tablet,43,0,59.3251172,18.0710935
1216,Spain,Alicante,desktop,43,0,38.3436365,-0.4881708
1217,United States,Oviedo,mobile,42,0,28.6702526,-81.2084941
1219,Turkey,Samsun,desktop,42,0,41.2303557,35.9683338
1220,India,New York,tablet,42,0,18.9585343,72.8241587
1221,Argentina,Buenos Aires,tablet,42,0,-34.6073387,-58.4432852
1223,United States,Oneonta,desktop,42,0,33.9481955,-86.472938
1224,Vietnam,San Francisco,desktop,41,0,37.7826325,-122.4645611
1226,Taiwan,Zhongli District,mobile,41,0,24.9653531,121.224926
1228,Austria,Salzburg,desktop,41,0,47.7981346,13.0464806
1229,Thailand,Hua Hin,desktop,41,0,12.5646241,99.9551707
1233,Singapore,Jakarta,desktop,41,0,-6.1492814,106.91642387568497
1234,Albania,Tirana,desktop,41,0,41.3281482,19.8184435
1235,United Kingdom,Aberdeen,desktop,41,0,57.1482429,-2.0928095
1237,Norway,Birkenes,desktop,41,0,58.4394635,8.237799937674701
1238,United States,Chino,desktop,41,0,34.0133561,-117.690075
1239,Italy,Bologna,desktop,40,0,44.4938203,11.3426327
1240,Belgium,Leuven,desktop,40,0,50.879202,4.7011675
1241,Russia,Petergof,desktop,40,0,59.881847,29.912041
1243,United States,Collegeville,desktop,40,0,40.1856597,-75.451571
1244,Italy,Parma,desktop,40,0,44.8013678,10.3280833
1245,Croatia,Osijek,desktop,40,0,45.5548793,18.6953685
1246,Japan,Osaka,tablet,40,0,34.7021912,135.4955866
1248,United States,Atwater,mobile,39,0,45.1363343,-94.7810199
1250,India,Vadodara,desktop,39,0,22.2973142,73.1942567
1251,United States,Santa Monica,mobile,39,0,34.0194704,-118.491227
1252,United States,Lewisville,desktop,39,0,33.046233,-96.994174
1253,Canada,Los Angeles,desktop,39,1,-37.4634044,-72.3455124
1254,Ireland,Sunnyvale,desktop,39,0,54.264426549999996,-8.469952606231436
1255,United States,Syracuse,desktop,39,1,43.0481221,-76.1474244
1256,United States,Jersey City,tablet,39,0,40.7215682,-74.047455
1257,India,Kharagpur,mobile,39,0,25.132982,86.52484857739515
1260,United States,Riverside,mobile,39,0,33.7219991,-116.0372472
1261,Brazil,Fortaleza,desktop,39,0,-3.7304512,-38.5217989
1262,United States,St. Louis,mobile,38,0,38.6280278,-90.1910154
1263,Japan,Fukui,desktop,38,0,35.9263502,136.6068127
1264,Australia,Wollongong,desktop,38,0,-34.4243941,150.89385
1265,Norway,Oslo,mobile,38,0,59.9133301,10.7389701
1267,Malaysia,Ipoh,desktop,38,0,4.5986817,101.0900236
1270,United States,Vancouver,desktop,38,0,45.6306954,-122.6744557
1271,Italy,Prato,desktop,38,0,43.935718050000006,11.09414726770089
1272,Spain,Gijon,desktop,38,0,43.5449422,-5.66275
1273,United Kingdom,Oxford,tablet,38,0,51.7520131,-1.2578499
1274,United States,Paradise,mobile,38,0,36.0608658,-115.12510798422218
1275,Denmark,Roskilde,desktop,37,0,55.6433478,12.0819247
1277,United States,College Park,desktop,37,0,38.980666,-76.9369189
1278,Belgium,Ghent,desktop,37,0,51.0538286,3.7250121
1281,Philippines,Cebu City,tablet,37,0,10.2931062,123.9020773
1282,United States,Piscataway Township,mobile,37,0,40.5462553,-74.4660408
1285,United Kingdom,Wrexham,desktop,37,0,53.0465084,-2.9937869
1286,Vietnam,Rach Gia,desktop,36,0,10.0107104,105.0832623
1287,United States,Baltimore,desktop,36,0,39.2908816,-76.610759
1289,United States,Tigard,desktop,36,0,45.4307473,-122.771933
1290,United Kingdom,Glasgow,mobile,36,0,55.861155,-4.2501687
1291,United States,South San Francisco,mobile,36,0,37.6535403,-122.4168664
1292,United States,Oshkosh,mobile,36,0,44.0206919,-88.5408574
1293,Turkey,Adana,mobile,36,0,36.9863599,35.3252861
1294,Canada,Ottawa,tablet,36,0,45.4208777,-75.6901106
1295,United States,Omaha,mobile,36,0,41.2587459,-95.9383758
1296,United States,London,mobile,35,0,37.1283343,-84.0835576
1301,New Zealand,Auckland,tablet,35,0,-36.852095,174.7631803
1303,Czechia,Decin,desktop,35,0,50.849535599999996,14.398106295245581
1304,United States,Culpeper,desktop,35,0,38.4912207,-77.9618216
1306,United States,Milwaukee,mobile,34,0,43.0386475,-87.9090751
1307,Poland,Szczecin,desktop,34,0,53.42968095,14.592912670292268
1309,United States,Prague,desktop,34,0,35.4867369,-96.6850174
1312,United States,Lawrence Township,desktop,34,0,42.20038385,-86.05083555325609
1316,United States,Jacksonville,mobile,34,1,30.3321838,-81.655651
1317,Argentina,La Victoria,desktop,34,0,-28.4530465,-65.7809693
1318,Canada,New York,mobile,33,0,40.736942049999996,-73.86344804697832
1319,Ireland,Dundalk,desktop,33,0,54.0046033,-6.4008879
1320,Israel,Ramat Gan,desktop,33,0,32.0686867,34.8246812
1321,Brazil,Porto Alegre,mobile,33,0,-30.0324999,-51.2303767
1325,Denmark,Greve Strand,desktop,33,0,55.5833746,12.2999286
1326,Taiwan,Shinjuku,desktop,33,0,35.6900621,139.708057
1327,Canada,Charlottetown,desktop,33,0,46.234953,-63.132935
1328,Taiwan,Singapore,desktop,33,0,1.4066973,103.9018392
1331,United Kingdom,Dublin,desktop,32,0,57.7386289,-4.3255225
1333,Canada,London,mobile,32,0,42.9832406,-81.243372
1334,Germany,San Jose,desktop,32,0,52.5464288,12.9386925
1335,United States,Columbia,desktop,32,0,34.0003117,-81.0331309
1336,Ireland,London,desktop,32,0,51.51897835,-0.13758160573183548
1338,El Salvador,San Salvador,desktop,31,0,13.6989939,-89.1914249
1342,Canada,Sherbrooke,mobile,31,0,45.403271,-71.889038
1343,Greece,Thessaloniki,mobile,31,0,40.6403167,22.9352716
1344,Italy,Padua,desktop,31,0,45.4077172,11.8734455
1346,United States,Redmond,mobile,31,0,47.6694141,-122.1238767
1349,Japan,Nagoya,desktop,31,0,35.1851045,136.8998438
1350,United States,Goose Creek,mobile,30,0,32.9961038,-80.0387292
1352,Spain,Elche,desktop,30,0,38.2653307,-0.6988391
1353,United States,Minato,desktop,30,0,35.1551813,-114.575045
1354,United States,Sydney,mobile,30,0,27.9633563,-82.2073118
1355,Uruguay,Montevideo,mobile,30,0,-34.9058916,-56.1913095
1356,Brazil,Belo Horizonte,mobile,30,0,-19.9227318,-43.9450948
1357,France,Talence,desktop,30,0,44.8088438,-0.5879629
1358,United States,Panama City,desktop,30,0,30.1586518,-85.6602936
1360,United States,Redondo Beach,tablet,29,0,33.8455911,-118.3886766
1362,United States,Cincinnati,mobile,29,0,39.1014537,-84.5124602
1363,Canada,Sunnyvale,desktop,29,0,44.7858558,-63.693173
1364,South Africa,Westville,desktop,29,0,-29.8244444,30.9386111
1365,United States,Carrollton,desktop,29,0,32.9537349,-96.8902816
1366,Georgia,Tbilisi,mobile,29,1,41.6934591,44.8014495
1367,Taiwan,Zhudong Township,desktop,29,0,24.7367012,121.0916388452147
1368,Turkey,Gaziantep,desktop,29,0,36.9666307,37.4074178
1369,Australia,Adelaide,desktop,29,0,-34.9281805,138.5999312
1370,United States,Madison,desktop,29,0,43.074761,-89.3837613
1371,Taiwan,Hukou Township,desktop,29,0,24.9011422,121.0478353
1372,Lebanon,Beirut,desktop,28,0,33.8959203,35.47843
1374,Netherlands,Oegstgeest,desktop,28,0,52.1833669,4.472129402976295
1375,United States,Denver,tablet,28,0,39.7392364,-104.984862
1376,Chile,Santiago,tablet,28,0,-33.4377756,-70.6504502
1378,France,Chevilly Larue,desktop,28,0,48.7714153,2.3469255
1379,United States,Rockwood,desktop,28,0,42.0708765,-83.2465957
1384,Brazil,Florianopolis,desktop,28,0,-27.5973002,-48.5496098
1385,France,Annecy-le-Vieux,desktop,28,0,45.9191358,6.1420652
1387,Paraguay,Asuncion,desktop,28,0,-25.2800459,-57.6343814
1388,Netherlands,The Hague,desktop,28,0,52.0799838,4.3113461
1391,United States,Stanford,mobile,27,0,37.426540700000004,-122.17030545534064
1393,Romania,Oradea,desktop,27,0,47.0549163,21.9285231
1394,Canada,Edmonton,tablet,27,0,53.5462055,-113.491241
1396,Portugal,Los Angeles,desktop,27,0,21.8461358,-102.7149924
1397,India,Kochi,mobile,27,0,9.9674277,76.2454436
1400,France,Nantes,desktop,27,0,47.2186371,-1.5541362
1401,France,Chambery,desktop,27,0,45.5662672,5.9203636
1402,Canada,Calgary,tablet,27,0,51.0456064,-114.057541
1403,Mexico,Miami,mobile,27,0,28.8457752,-111.9753397
1404,United States,The Dalles,tablet,27,0,45.6015056,-121.1841587
1405,United Kingdom,Leeds,tablet,27,0,53.7974185,-1.5437941
1407,United States,Syracuse,mobile,27,0,43.0481221,-76.1474244
1408,United States,Istanbul,tablet,27,0,40.83186695,-74.71057804672597
1410,Taiwan,San Francisco,mobile,26,0,37.7277876,-122.4766092
1412,China,Guangzhou,desktop,26,0,23.1301964,113.2592945
1413,Peru,Arequipa,desktop,26,0,-16.3988667,-71.5369607
1414,United States,Salt Lake City,mobile,26,0,40.7596198,-111.886797
1416,United States,Orlando,tablet,25,0,28.5421109,-81.3790304
1417,Thailand,Mueang Nakhon Ratchasima District,desktop,25,0,14.971229050000002,102.09961973137578
1418,United States,Dundalk,mobile,25,0,39.26243505,-76.48705853403081
1419,United States,Pueblo,mobile,25,0,38.263995,-104.6141867
1420,Czechia,Brno,mobile,25,0,49.1922443,16.6113382
1422,United States,Berkeley,tablet,25,0,37.8708393,-122.272863
1423,United States,Mankato,mobile,25,0,44.1634663,-93.9993505
1424,Japan,Chiyoda,mobile,25,0,35.6938097,139.7532163
1428,Taiwan,Toufen City,desktop,25,0,24.686639,120.912857
1429,Spain,Sant Cugat del Valles,desktop,25,0,41.4728432,2.0817809
1430,Malaysia,Johor Bahru,desktop,25,0,1.503555,103.7495586
1431,United States,Tempe,mobile,25,0,33.4255117,-111.940016
1432,Switzerland,Lausanne,desktop,25,0,46.5218269,6.6327025
1433,China,Beijing,mobile,24,0,40.190632,116.412144
1434,Germany,New York,desktop,24,1,48.1827239,11.5727786
1437,Philippines,Manila,mobile,24,0,14.5906346,120.9799964
1438,Thailand,Mountain View,mobile,24,0,18.857354100000002,99.00097917048288
1440,Italy,Naples,mobile,24,0,40.8358846,14.2487679
1442,Czechia,Olomouc,desktop,24,0,49.5940567,17.251143
1443,Japan,Miyazaki,desktop,24,0,32.097681,131.294542
1448,United Kingdom,Lincoln,desktop,23,0,53.2293545,-0.5404819
1449,Netherlands,Schagen,mobile,23,0,52.78822125,4.741356804254988
1450,United States,Minato,mobile,23,0,35.1551813,-114.575045
1452,United Kingdom,Bath,desktop,23,0,51.3813864,-2.3596963
1456,United Kingdom,Paris,mobile,23,0,53.562752,-1.7661533
1459,Turkey,Antalya,mobile,23,0,36.8864752,30.7029585
1460,Vietnam,Vinh,mobile,23,0,18.6698528,105.6840371
1461,United States,Campbell,desktop,23,0,38.9339799,-84.3715286
1462,United Kingdom,Egham,desktop,23,0,51.4312585,-0.5473085
1463,Canada,Waterloo,mobile,23,0,43.4652699,-80.5222961
1464,Israel,Herzliya,desktop,23,0,32.1738827,34.82630886089957
1465,United States,Lexington,tablet,23,0,38.0464066,-84.4970393
1466,Italy,Cagliari,desktop,23,0,39.2171994,9.113311
1467,Denmark,Chicago,mobile,22,0,41.8985892,-87.6233704
1468,United States,Bellevue,mobile,22,0,47.6144219,-122.192337
1470,Indonesia,Medan,mobile,22,0,3.5896654,98.6738261
1471,United States,McAllen,mobile,22,0,26.204114,-98.2300605
1475,Mexico,San Jose,mobile,22,0,30.5479304,-108.6173652
1476,United States,Kirkland,tablet,22,0,47.6765382,-122.2070775
1477,Hong Kong,Mountain View,desktop,22,0,22.30294755,114.01114589488887
1478,Malaysia,Petaling Jaya,mobile,22,0,3.0988792,101.6454202
1480,United States,Appleton,desktop,22,0,44.2613967,-88.4069744
1481,Israel,Rishon LeTsiyon,desktop,22,0,31.9635712,34.8101149
1482,United States,Westlake Village,mobile,22,0,34.1460234,-118.8061794
1483,United States,San Bruno,tablet,22,0,37.6248536,-122.4145986
1484,Taiwan,Hong Kong,desktop,22,0,22.2843678,114.1518535
1486,Spain,Granada,desktop,22,0,37.1734995,-3.5995337
1489,United States,Evans,mobile,21,0,32.1613648,-81.8980725
1490,Malaysia,Cyberjaya,desktop,21,0,2.9338908,101.6455587
1491,United States,Chino,tablet,21,0,34.0133561,-117.690075
1492,Panama,La Chorrera,desktop,21,0,8.8835312,-79.7799505
1493,France,Lyon,tablet,21,0,45.7578137,4.8320114
1494,New Zealand,Wellington,desktop,21,0,-41.2887953,174.7772114
1496,United States,Oviedo,tablet,21,0,28.6702526,-81.2084941
1497,Canada,Brampton,mobile,21,0,43.685832,-79.7599366
1498,Romania,Iasi,desktop,21,0,47.1615598,27.5837814
1499,Lithuania,Vilnius,mobile,21,0,54.6870458,25.2829111
1500,Italy,Naples,tablet,21,0,40.8358846,14.2487679
1502,Italy,Istanbul,tablet,21,0,45.0613817,7.6796414
1503,United States,Amsterdam,mobile,21,0,42.943367,-74.1850436
1504,United States,White Plains,desktop,20,0,41.0339862,-73.7629097
1506,Netherlands,London,desktop,20,0,51.5009828,-0.18224433634178583
1508,Germany,Seattle,desktop,20,0,49.6236268,7.3362734
1643,Indonesia,Makassar,mobile,15,0,-5.1342962,119.4124282
1644,France,Reims,desktop,15,0,49.2577886,4.031926
1646,United States,Lake Oswego,mobile,15,0,45.4206749,-122.670649
1649,Brazil,Manaus,desktop,15,0,-3.1316333,-59.9825041
1650,Portugal,Madrid,desktop,15,0,40.3775033,-3.7793235
1651,Indonesia,Medan,desktop,15,0,3.5896654,98.6738261
1653,United Kingdom,Warsaw,desktop,15,0,51.5505048,-0.4018755
1654,United States,Orem,desktop,15,0,40.2981599,-111.6944313
1655,France,New York,desktop,15,0,48.9695032,2.3057094
1656,Ireland,Paris,desktop,15,0,48.874059700000004,2.2914747338400483
1657,United States,Amherst,desktop,15,0,37.5997548,-79.1483701
1661,United States,Hong Kong,tablet,15,0,18.3848631,-65.8285201
1663,Germany,Dusseldorf,mobile,15,0,51.2254018,6.7763137
1664,Germany,Spaichingen,desktop,15,0,48.0730713,8.7391941
1665,United States,Dublin,mobile,15,0,37.7021521,-121.9357918
1666,China,Sydney,desktop,15,0,22.2377076,113.9647179
1667,United States,Woodbridge Township,desktop,15,0,40.5576045,-74.2845911
1669,United States,Tigard,mobile,14,1,45.4307473,-122.771933
1671,United States,Birmingham,desktop,14,0,33.5206824,-86.8024326
1672,United States,Tallahassee,desktop,14,0,30.4380832,-84.2809332
1674,Japan,Cupertino,mobile,14,0,37.3219177,-122.018272
1675,Argentina,Mar del Plata,desktop,14,0,-37.4500273,-61.939304
1676,Poland,Poznan,mobile,14,0,52.4082663,16.9335199
1677,Ireland,Zurich,desktop,14,0,52.3124832,-6.457631542019544
1679,United Kingdom,Bristol,mobile,14,0,51.4538022,-2.5972985
1681,Romania,Timisoara,desktop,14,0,45.7538355,21.2257474
1682,Vietnam,Pleiku,desktop,14,0,13.9715982,108.0143597
1684,United States,Wellesley,mobile,14,0,42.2964859,-71.2925571
1685,Russia,Vladimir,desktop,14,0,56.1288899,40.4075203
1687,Italy,Alba,desktop,14,0,44.7007236,8.0357786
1689,Brazil,Ribeirao Preto,desktop,14,0,-21.1776315,-47.8100983
1690,France,Lyon,mobile,14,0,45.7578137,4.8320114
1691,Australia,Sunnyvale,desktop,14,0,-34.149531800000005,137.8279950276335
1693,Morocco,Casablanca,tablet,14,0,33.5945144,-7.6200284
1695,Germany,Paris,desktop,14,0,49.845332,7.8568391
1697,Ireland,Austin,desktop,14,0,30.2677484,-97.7426458
1699,Thailand,San Francisco,desktop,14,0,37.7618585,-122.4352856
1701,Cambodia,Phnom Penh,desktop,14,0,11.5730391,104.857807
1704,Pakistan,Faisalabad,mobile,13,0,31.4220558,73.0923253
1705,United States,Kitchener,desktop,13,0,32.5820826,-89.2850637
1706,France,Bordeaux,mobile,13,0,44.841225,-0.5800364
1707,United States,Parsippany-Troy Hills,desktop,13,0,40.8646542,-74.4157768
1709,Malaysia,Shah Alam,desktop,13,0,3.0739429,101.5185278
1710,Hong Kong,San Jose,tablet,13,0,9.3737597,-83.70130664596775
1711,Japan,San Jose,mobile,13,0,14.8352222,120.7915158
1713,United States,Minneapolis,tablet,13,0,44.9772995,-93.2654692
1714,United States,Boulder,tablet,13,0,40.0149856,-105.270545
1715,Ireland,Cork,mobile,13,0,51.897077,-8.4654674
1716,Austria,Hallein,desktop,13,0,47.6821521,13.0956313
1717,Denmark,Viby,desktop,13,0,56.1290327,10.1624334
1718,United States,Kansas City,tablet,13,0,39.100105,-94.5781416
1720,India,Chandigarh,tablet,13,0,30.7334421,76.7797143
1721,France,Seclin,desktop,13,0,50.5452102,3.0252819
1722,United States,Hamburg,desktop,13,0,40.604446,-95.657771
1723,Japan,San Francisco,mobile,13,0,37.78514655,-122.43047512968477
1725,Macedonia (FYROM),Skopje,tablet,13,0,41.9961816,21.4319213
1726,Canada,Mountain View,mobile,13,0,49.133333,-113.6
1727,Germany,Houston,desktop,13,0,31.4399019,-95.350778
1728,Germany,London,desktop,13,0,49.537175,8.3542016
1729,Netherlands,'s Hertogenbosch,desktop,13,0,51.6889387,5.303116
1730,South Africa,Cape Town,mobile,13,0,-33.928992,18.417396
1734,United States,Johnson City,desktop,12,0,36.3134398,-82.3534728
1735,Malaysia,Johor Bahru,mobile,12,0,1.503555,103.7495586
1737,Spain,London,mobile,12,0,39.4747112,-0.3798074
1738,Netherlands,Arnhem,desktop,12,0,52.0056642,5.8762345077641305
1739,Nicaragua,New York,desktop,12,1,40.7508893,-73.9711459
1740,Chile,Valparaiso,desktop,12,0,-32.5976089,-70.8529753
1741,United States,Norfolk,tablet,12,0,36.8493695,-76.2899539
1744,United States,Chino,mobile,12,0,34.0133561,-117.690075
1745,Portugal,Lisbon,tablet,12,0,38.7077507,-9.1365919
1746,United Kingdom,Bristol,tablet,12,0,51.4538022,-2.5972985
1747,United States,Daly City,desktop,12,0,37.6904826,-122.47267
1748,Slovakia,Bratislava,tablet,12,0,48.1516988,17.1093063
1749,Austria,Dublin,mobile,12,0,48.1926272,16.3490151
1750,United States,Vancouver,mobile,12,0,45.6306954,-122.6744557
1751,United States,Akron,mobile,12,0,41.083064,-81.518485
1752,India,Thane,mobile,12,0,19.1943294,72.9701779
1754,Canada,Barrie,mobile,12,1,44.3893208,-79.6901302
1757,Germany,Nuremberg,desktop,12,0,49.453872,11.077298
1759,Canada,Singapore,desktop,12,0,50.166576,-91.25089154129378
1760,Jordan,Am√£,mobile,12,0,31.9515694,35.9239625
1761,Pakistan,Islamabad,desktop,12,0,33.6938118,73.0651511
1762,Peru,La Victoria,tablet,12,0,-12.0639584,-77.0300254
1763,Bangladesh,Dhaka,desktop,12,0,23.7644025,90.389015
1764,Spain,Guadalajara,desktop,12,0,40.7399963,-2.505930025884726
1766,Netherlands,Eindhoven,desktop,12,0,51.4392648,5.478633
1767,Saudi Arabia,Medina,desktop,12,0,24.471153,39.6111216
1769,India,New York,desktop,12,0,18.9585343,72.8241587
1770,United States,Tel Aviv-Yafo,mobile,12,0,32.0765147,34.7668035
1771,South Africa,Sandton,mobile,12,0,-26.0682406,28.0479844
1773,Canada,San Jose,desktop,12,0,51.898395,-121.728357
1774,United Kingdom,Watford,desktop,11,0,51.6553875,-0.3957425
1775,Peru,Arequipa,mobile,11,0,-16.3988667,-71.5369607
1776,Philippines,Muntinlupa,desktop,11,0,14.3892634,121.0449101
1779,South Korea,Daegu,tablet,11,0,35.8713,128.6018
1781,United States,Indianapolis,tablet,11,0,39.7683331,-86.1583502
1783,India,Nanded,tablet,11,0,19.09400875,77.48319215130235
1786,Nigeria,Lagos,tablet,11,0,6.4550575,3.3941795
1788,Canada,Kitchener,tablet,11,0,43.451291,-80.4927815
1789,Peru,Santiago de Surco,mobile,11,0,-12.1278182,-76.9863774
1791,United States,Manchester,desktop,11,0,42.9956397,-71.4547891
1792,Vietnam,Bien Hoa,mobile,11,0,10.9507929,106.8263284
1794,United States,Miami Beach,desktop,11,0,25.7929198,-80.1353006
1795,United States,Springfield,desktop,11,0,39.7990175,-89.6439575
1796,United Kingdom,Sheffield,desktop,11,0,53.3806626,-1.4702278
1797,South Africa,New York,desktop,11,0,40.7566495,-73.9698168
1799,China,Ningbo,mobile,11,0,29.8622194,121.6203873
1800,Germany,Furth,desktop,11,0,48.5915163,12.0212216
1801,United Kingdom,Cardiff,desktop,11,0,51.4816546,-3.1791934
1803,India,Bhubaneswar,mobile,11,0,20.2602964,85.8394521
1806,Vietnam,Da Nang,mobile,11,0,16.068,108.212
1807,United States,Hong Kong,mobile,11,0,18.3848631,-65.8285201
1809,United States,Madrid,mobile,11,0,41.8766526,-93.8232813
1811,Pakistan,Lahore,tablet,11,0,31.5656822,74.3141829
1813,Romania,Cluj-Napoca,tablet,11,0,46.769379,23.5899542
1815,France,London,desktop,11,0,46.6295778,5.0978317
1817,Czechia,Ostrava,desktop,11,0,49.8349139,18.2820084
1818,United States,Rome,desktop,11,0,43.2128473,-75.4557304
1820,New Zealand,Sydney,desktop,11,0,-43.5076962,170.4347673
1821,United States,Dublin,tablet,11,0,37.7021521,-121.9357918
1822,Canada,New York,tablet,10,0,40.736942049999996,-73.86344804697832
1824,Canada,Winnipeg,desktop,10,0,49.8955367,-97.1384584
1828,Brazil,Brasilia,tablet,10,0,-10.3333333,-53.2
1829,United States,Carrollton,mobile,10,0,32.9537349,-96.8902816
1830,China,Guangzhou,mobile,10,0,23.1301964,113.2592945
1831,France,Lille,mobile,10,0,50.6365654,3.0635282
1834,Kuwait,New York,mobile,10,0,40.75082395,-73.97003212807093
1835,Hong Kong,San Francisco,mobile,10,0,27.9843856,-15.780242
1836,Brazil,Atibaia,desktop,10,0,-23.1177393,-46.5547861
1837,United States,Paradise,desktop,10,0,36.0608658,-115.12510798422218
1838,Denmark,Odense,tablet,10,0,55.3997225,10.3852104
1839,Taiwan,Sunnyvale,desktop,10,0,37.3366525,-122.040265
1842,Ireland,San Francisco,desktop,10,0,14.3049252,120.9206268
1843,United Kingdom,Sunnyvale,desktop,10,0,51.7640179,-2.8567109
1844,Canada,Santa Clara,desktop,10,0,48.5231778,-123.3834064
1846,Estonia,Tallinn,mobile,10,0,59.4372155,24.7453688
1847,Bulgaria,Sofia,tablet,10,0,42.6977028,23.3217359
1851,Pakistan,Karachi,tablet,10,0,24.8546842,67.0207055
1852,Hong Kong,San Jose,mobile,10,0,9.3737597,-83.70130664596775
1853,Japan,San Mateo,desktop,10,0,37.6712733,-122.4717233
1854,Philippines,Seattle,desktop,10,0,14.4192428,120.918312
1855,Brazil,Recife,desktop,10,0,-8.0584933,-34.8848193
1856,Indonesia,Toronto,mobile,10,0,-6.378903749999999,106.96583000861467
1857,Turkey,Erzurum,desktop,10,0,39.90632,41.2727715
1858,Mexico,Tijuana,mobile,10,0,32.5317397,-117.019529
1859,United States,Detroit,tablet,10,0,42.3315509,-83.0466403
1861,United States,Kalamazoo,mobile,10,0,42.291707,-85.5872286
1862,Greece,Nea Erythraia,tablet,10,0,38.0881745,23.8180626
1864,Dominican Republic,Madrid,desktop,10,0,19.1759008,-69.7831895
1866,United States,Brookline,desktop,9,0,42.3329021,-71.1187421
1867,Indonesia,Depok,desktop,9,0,-6.40719,106.8158371
1869,Japan,Kumamoto,mobile,9,0,32.6450475,130.6341345
1871,Taiwan,San Jose,mobile,9,0,37.30494305,-121.89816903604697
1873,United States,Piscataway Township,tablet,9,0,40.5462553,-74.4660408
1874,Vietnam,Phan Thiet,desktop,9,0,10.9418092,108.0823313
1875,Brazil,Rio de Janeiro,tablet,9,0,-22.9110137,-43.2093727
1876,Hong Kong,Sunnyvale,desktop,9,0,37.3974371,-121.9969379
1877,United States,North Attleborough,mobile,9,0,41.9841334,-71.3322798
1878,United States,Evanston,tablet,9,0,42.0470043,-87.6846053
1879,France,San Francisco,mobile,9,0,43.3896788,-1.6870172145884539
1880,Italy,Pescara,desktop,9,0,42.3102619,13.95759010584892
1882,Germany,Aalen,desktop,9,0,48.8362705,10.0931765
1883,Ukraine,Kharkiv,mobile,9,0,49.9923181,36.2310146
1884,India,San Jose,mobile,9,0,-34.770289,-56.3775638
1885,Canada,Gatineau,desktop,9,0,45.4277659,-75.710976
1887,Israel,Netanya,desktop,9,0,32.30402725,34.86201337217975
1892,India,San Jose,desktop,9,0,-34.770289,-56.3775638
1894,Mexico,Leon,desktop,9,0,21.0792557,-101.5897695
1895,United States,Hamden,mobile,9,0,42.1911969,-74.9946083
1896,United States,Council Bluffs,tablet,9,0,41.258841,-95.8519484
1897,India,Toronto,desktop,9,0,25.1367007,75.8460962
1899,Hong Kong,Boston,desktop,9,0,9.3737597,-83.70130664596775
1900,United Kingdom,Sydney,desktop,9,0,51.7559387,-2.2861752
1903,United States,Brussels,mobile,9,0,38.9494939,-90.5887314
1904,United States,Munich,desktop,9,0,48.669174,-98.832631
1905,Canada,New Westminster,tablet,9,0,49.2067726,-122.9108818
1906,United States,Memphis,mobile,9,0,35.1460249,-90.0517638
1907,United States,Richardson,mobile,9,0,40.1194651,-95.7607517
1908,United Kingdom,Telford,desktop,9,0,52.6780419,-2.4514273
1911,Slovenia,Ljubljana,desktop,8,0,46.0500268,14.5069289
1912,United States,Bangkok,desktop,8,0,32.639318,-105.722013
1914,United States,Santa Ana,desktop,8,0,33.7494951,-117.873221
1916,South Africa,Randburg,desktop,8,0,-26.096111,27.975
1918,Russia,Saint Petersburg,tablet,8,0,59.938732,30.316229
1919,China,Mountain View,mobile,8,0,22.30294755,114.01114589488887
1920,Taiwan,Longtan District,desktop,8,0,24.863851,121.216392
1921,France,Singapore,desktop,8,0,48.882542,2.3590195
1922,United Kingdom,Mountain View,mobile,8,0,51.5183473,-3.69591
1925,Cyprus,New York,desktop,8,0,34.9891172,33.9807522
1926,Taiwan,Kuala Lumpur,mobile,8,0,3.2095416,101.64942967682012
1927,Australia,Adelaide,mobile,8,0,-34.9281805,138.5999312
1928,India,Coimbatore,mobile,8,0,11.0018115,76.9628425
1930,Ukraine,Odessa,mobile,8,0,46.4843023,30.7322878
1931,Ireland,Mountain View,desktop,8,0,54.05103835,-8.03020082138758
1932,India,Ludhiana,desktop,8,0,30.9090157,75.851601
1933,Philippines,Makati,tablet,8,0,14.5567949,121.0211226
1934,India,Surat,desktop,8,0,21.2094892,72.8317058
1935,Mexico,Zapopan,desktop,8,0,20.7211203,-103.3913671
1937,Brazil,Fortaleza,tablet,8,0,-3.7304512,-38.5217989
1938,Spain,Pozuelo de Alarcon,mobile,8,0,40.4346528,-3.814834
1940,France,San Jose,desktop,8,0,43.619533,4.0717974
1941,Russia,Kovrov,desktop,8,0,56.374603,41.311676
1943,Turkey,Houston,desktop,8,0,34.391876,-100.895327
1945,Netherlands,Amersfoort,desktop,8,0,52.1562499,5.3896944
1946,Brazil,Fortaleza,mobile,8,0,-3.7304512,-38.5217989
1947,United States,Seoul,mobile,8,0,33.462998,-86.821053
1948,India,Washington,desktop,8,0,48.7375914,-122.4847879
1949,Greece,Nea Erythraia,mobile,8,0,38.0881745,23.8180626
1950,United States,Boardman,mobile,8,0,45.839855,-119.700583
1951,France,Seattle,desktop,8,0,47.2186297,-1.5157771
1952,United Kingdom,Toronto,desktop,8,0,54.671467,-1.6927562
1954,China,New York,desktop,8,0,42.1448051,-75.4001772
1955,Saudi Arabia,London,desktop,8,0,26.3044273,50.1694132
1956,Czechia,Hradec Kralove,desktop,7,0,50.2092113,15.8327512
1957,Vietnam,Ha Tinh,desktop,7,0,18.3452745,105.9019482
1959,Turkey,Aydin,desktop,7,0,37.8483767,27.8435878
1960,Mongolia,Ulaanbaatar,desktop,7,0,47.9184676,106.9177016
1961,Japan,London,desktop,7,0,35.4186827,136.7590924
1962,Romania,Deva,desktop,7,0,45.8817402,22.9008611
1963,Ukraine,Lviv,desktop,7,0,49.841952,24.0315921
1964,United States,Nashville,tablet,7,0,36.1622767,-86.7742984
1965,Spain,Sabadell,desktop,7,0,41.5421013,2.1138977
1966,Turkey,Ankara,tablet,7,0,39.9207759,32.8540497
1967,United States,Singapore,mobile,7,0,39.336243,-94.157293
1969,France,Metz,desktop,7,0,49.1196964,6.1763552
1970,Iceland,San Jose,desktop,7,0,14.7880102,121.0274997
1973,Brazil,Santiago,desktop,7,0,-29.189675,-54.866624
1974,Venezuela,Chicago,desktop,7,0,41.8828773,-87.637306
1975,Denmark,San Francisco,mobile,7,0,14.3187156,120.8824289
1976,United States,Memphis,desktop,7,0,35.1460249,-90.0517638
1977,Brazil,Belo Horizonte,tablet,7,0,-19.9227318,-43.9450948
1978,Italy,Parma,mobile,7,0,44.8013678,10.3280833
1980,Norway,Oslo,tablet,7,0,59.9133301,10.7389701
1981,Ireland,Greystones,mobile,7,0,53.1448901,-6.0632184
1983,United Kingdom,Madrid,desktop,7,0,40.4790022,-3.686974
1985,Panama,San Francisco,desktop,7,0,8.2999481,-81.01066403679657
1986,Qatar,Doha,tablet,7,0,25.2856329,51.5264162
1987,Netherlands,Groningen,desktop,7,0,53.2190652,6.5680077
1988,Germany,Bremen,desktop,7,0,53.0758196,8.8071646
1992,Portugal,Faro,desktop,7,0,37.0162727,-7.9351771
1994,Sweden,Gothenburg,tablet,7,0,57.7072326,11.9670171
1995,United States,Istanbul,desktop,7,0,40.83186695,-74.71057804672597
1996,Mexico,Santiago de Queretaro,desktop,7,0,20.5954708,-100.397059
1997,United Kingdom,Wrexham,mobile,7,0,53.0465084,-2.9937869
1998,Turkey,Eskisehir,desktop,7,0,39.7743941,30.519116
1999,United States,Fresno,tablet,7,0,36.7394421,-119.78483
2000,United Kingdom,Hamburg,desktop,7,0,52.772062,0.4197612
2002,United States,Anaheim,mobile,7,0,33.8347516,-117.911732
2003,United Kingdom,San Francisco,mobile,7,0,14.3059102,120.9211926
2006,United States,Overland Park,mobile,7,0,38.9742502,-94.6851702
2007,Indonesia,Semarang,desktop,7,0,-6.9903988,110.4229104
2010,Cambodia,Phnom Penh,mobile,7,0,11.5730391,104.857807
2012,China,Beijing,tablet,6,0,40.190632,116.412144
2013,United States,Greer,mobile,6,0,34.9326334,-99.5435856
2016,Singapore,London,desktop,6,0,51.500251950000006,-0.15646903291571762
2017,India,Palo Alto,desktop,6,0,12.979946,77.6650786
2018,Ireland,Ankara,desktop,6,0,39.8957106,32.879307
2021,Spain,Malaga,mobile,6,0,36.7213028,-4.4216366
2022,United States,Osaka,mobile,6,0,31.0637904,-87.2238626
2023,United States,Fort Collins,mobile,6,0,40.5871782,-105.0770113
2024,Indonesia,Bandung,tablet,6,0,-6.9215529,107.6110212
2025,Spain,New York,desktop,6,0,43.2978242,-2.9872093
2026,Germany,Cologne,tablet,6,0,50.938361,6.959974
2028,United States,New Orleans,mobile,6,0,29.9759983,-90.0782127
2029,United Arab Emirates,Dallas,mobile,6,0,25.3255118,55.3922097
2030,United States,Louisville,tablet,6,0,38.2542376,-85.759407
2031,Canada,San Jose,mobile,6,0,51.898395,-121.728357
2032,Philippines,Taguig,mobile,6,0,14.5270538,121.0744942
2033,Qatar,Dubai,desktop,6,0,25.22811645,55.17330277765227
2035,United Kingdom,Watford,mobile,6,0,51.6553875,-0.3957425
2036,South Africa,San Diego,desktop,6,0,33.0531029,-117.2793045
2037,Thailand,Nakhon Pathom,mobile,6,0,13.8918425,100.0165659
2040,Taiwan,New York,desktop,6,0,40.714712,-73.9978045
2041,Singapore,Bengaluru,desktop,6,0,12.9740816,77.6091157
2042,United Kingdom,Moscow,desktop,6,0,55.6329568,-4.4047697
2043,United States,Hayward,tablet,6,0,37.6688205,-122.080796
2045,Portugal,Faro,mobile,6,0,37.0162727,-7.9351771
2046,Singapore,Mumbai,desktop,6,0,19.2621504,72.87653132465815
2048,Luxembourg,Luxembourg City,mobile,6,0,49.6112768,6.129799
2049,United States,Oneonta,mobile,6,0,33.9481955,-86.472938
2051,Mexico,Tijuana,desktop,6,0,32.5317397,-117.019529
2052,Portugal,Leiria,desktop,6,0,39.7437902,-8.8071119
2053,Brazil,Vila Velha,desktop,6,0,-20.3297037,-40.2920174
2054,United Kingdom,Glasgow,tablet,6,0,55.861155,-4.2501687
2055,United Arab Emirates,Abu Dhabi,mobile,6,0,24.4538352,54.3774014
2056,United States,Zurich,mobile,6,0,39.234454,-99.438161
2057,Brazil,Cuiaba,desktop,6,0,-15.5986686,-56.0991301
2058,Ireland,Chicago,desktop,6,0,42.0006317,-87.659884
2059,Bangladesh,Dhaka,mobile,6,0,23.7644025,90.389015
2060,Germany,Dublin,desktop,6,0,47.82700735,9.649973932391553
2062,Australia,San Francisco,desktop,6,0,-34.7009986,-58.6414843
2063,United States,Oxford,desktop,6,0,34.3663773,-89.5187664
2064,Israel,Prague,desktop,6,0,32.0880175,34.7740248
2065,Vietnam,Da Nang,tablet,6,0,16.068,108.212
2066,India,Noida,tablet,6,0,28.5706333,77.3272147
2067,Sri Lanka,Colombo,tablet,6,0,6.9388614,79.8542005
2069,Switzerland,Paris,mobile,6,0,46.9484127,7.4270031
2070,Greece,Nea Erythraia,desktop,6,0,38.0881745,23.8180626
2071,United States,Boise,desktop,6,0,43.6166163,-116.200886
2072,Italy,London,mobile,6,0,40.8495993,14.2556023
2073,United States,The Dalles,mobile,6,0,45.6015056,-121.1841587
2074,Finland,Helsinki,tablet,5,0,60.1674881,24.9427473
2080,Thailand,Seoul,desktop,5,0,13.7252756,100.5795912
2082,Canada,New Westminster,desktop,5,0,49.2067726,-122.9108818
2083,Canada,Seattle,desktop,5,0,59.5541126,-133.5002152
2087,China,Toronto,desktop,5,0,38.909413,-77.04520066265562
2091,Ireland,Vienna,desktop,5,0,51.912851450000005,-8.405007923224638
2096,India,Guwahati,mobile,5,0,26.1805978,91.753943
2097,Italy,Paris,desktop,5,0,46.4633891,10.4196847
2099,Australia,San Francisco,mobile,5,0,-34.7009986,-58.6414843
2100,India,Thane,desktop,5,0,19.1943294,72.9701779
2104,United States,Newark,mobile,5,0,40.735657,-74.1723667
2106,Poland,Frankfurt,mobile,5,0,52.3557481,14.5662367
2109,Kazakhstan,Almaty,mobile,5,0,43.2363924,76.9457275
2111,Netherlands,Zwolle,desktop,5,0,52.5089759,6.0943765
2113,Germany,Amberg,tablet,5,0,49.4454211,11.858728
2114,United Arab Emirates,Hyderabad,desktop,5,0,25.2761746,55.3376497
2115,United States,Edison,mobile,5,0,40.518157,-74.4113926
2116,Spain,Dublin,desktop,5,0,41.358707550000005,2.091221100878011
2117,China,Ningbo,tablet,5,0,29.8622194,121.6203873
2118,India,Nanded,desktop,5,0,19.09400875,77.48319215130235
2119,Poland,Paris,desktop,5,0,51.1110786,15.5835275
2120,Sweden,San Francisco,desktop,5,0,9.9330169,-84.09596755000001
2121,Macedonia (FYROM),Skopje,mobile,5,0,41.9961816,21.4319213
2124,China,Santa Clara,desktop,5,0,22.1925185,113.5440369
2127,Taiwan,Los Angeles,desktop,5,0,34.149801,-118.255267
2128,United Arab Emirates,Sharjah,mobile,5,0,25.2311534,54.21900831355923
2130,China,San Diego,desktop,4,0,25.3382082,-98.6773002
2131,China,Shanghai,mobile,4,0,31.2312707,121.4700152
2133,United States,Dubai,mobile,4,0,33.1166134,-96.8258781
2134,Australia,Los Angeles,mobile,4,0,-37.7935439,144.9579159
2135,United States,Chennai,desktop,4,0,39.68668155,-104.90211352602623
2136,Canada,Winnipeg,mobile,4,0,49.8955367,-97.1384584
2137,Spain,Valencia,tablet,4,0,39.4697065,-0.3763353
2138,Ireland,London,mobile,4,0,51.51897835,-0.13758160573183548
2139,United Kingdom,Paris,desktop,4,0,53.562752,-1.7661533
2140,United States,New Orleans,tablet,4,0,29.9759983,-90.0782127
2141,United States,Kyiv,mobile,4,0,50.4654578,30.431913959042262
2144,Turkey,Adana,tablet,4,0,36.9863599,35.3252861
2145,United States,Krakow,mobile,4,0,38.497603,-91.0458409
2146,United States,Daly City,tablet,4,0,37.6904826,-122.47267
2147,Moldova,Chisinau,mobile,4,0,47.0245117,28.8322923
2149,United States,Sao Paulo,mobile,4,0,-23.62902065,-46.696759133230195
2151,United States,Johnson City,mobile,4,0,36.3134398,-82.3534728
2152,United States,LaFayette,mobile,4,0,29.9978185,-83.2221527
2153,United States,Manchester,mobile,4,0,42.9956397,-71.4547891
2154,France,Montigny-le-Bretonneux,mobile,4,0,48.7698937,2.0381228
2155,United States,Lexington,desktop,4,0,38.0464066,-84.4970393
2156,United States,Belo Horizonte,mobile,4,0,30.350733,-97.772554
2157,United States,Istanbul,mobile,4,0,40.83186695,-74.71057804672597
2158,Australia,Jakarta,desktop,4,0,-27.4641525,153.0424768
2159,United States,Union City,mobile,4,0,37.5872576,-122.0215737
2160,Poland,Dublin,mobile,4,0,53.3478952,-6.2585331
2162,United States,Tucson,mobile,4,0,32.2228765,-110.974847
2163,United States,Las Vegas,tablet,4,0,36.1672559,-115.148516
2165,Germany,Frankfurt,tablet,4,0,50.1106444,8.6820917
2167,Argentina,Mountain View,desktop,4,0,-30.9251863,-64.5264625
2170,Malaysia,Cyberjaya,tablet,4,0,2.9338908,101.6455587
2172,Azerbaijan,Baku,mobile,4,0,40.3755885,49.8328009
2173,Sweden,New York,desktop,4,0,43.1791388,-77.940618
2174,Belgium,Brussels,tablet,4,0,50.8465573,4.351697
2177,United Kingdom,Canterbury,mobile,4,0,51.2800275,1.0802533
2180,Canada,Burnaby,mobile,4,0,49.2433804,-122.972545
2182,Spain,Zaragoza,mobile,4,0,41.6521342,-0.8809428
2189,R√©union,Paris,desktop,4,0,-20.8817123,55.4497204
2190,United States,Amsterdam,desktop,4,0,42.943367,-74.1850436
2191,Ireland,Amsterdam,desktop,4,0,51.4958765,-9.6630217
2194,United States,Bellflower,mobile,4,0,33.8825705,-118.1167679
2195,Italy,Houston,desktop,4,0,29.745192,-95.4604598
2198,Germany,Mumbai,desktop,4,0,48.0894218,11.611712750000002
2199,Japan,San Jose,desktop,4,0,14.8352222,120.7915158
2200,Vietnam,Quang Ngai,mobile,4,0,15.1209627,108.7813826
2202,Lebanon,New York,desktop,4,0,42.7814571,-75.6476841
2204,United Kingdom,Barnsley,mobile,4,0,53.5527719,-1.4827755
2205,United States,South San Francisco,tablet,4,0,37.6535403,-122.4168664
2212,Brazil,Milan,desktop,3,0,-22.6119899,-46.915552
2213,United States,University Park,mobile,3,0,41.4400344,-87.683377
2214,Indonesia,Bekasi,mobile,3,0,-6.2349858,106.9945444
2215,Monaco,Paris,mobile,3,0,48.8599097,2.265890322734629
2216,South Korea,San Francisco,mobile,3,0,8.9777634,-79.5158827
2218,China,San Jose,desktop,3,0,-16.4263483,-71.5369439
2220,Brazil,New York,desktop,3,0,40.735788,-73.86284326195508
2221,Ireland,Pittsburgh,desktop,3,0,40.4666966,-80.0334075
2223,Brazil,Salvador,mobile,3,0,-12.9822499,-38.4812772
2224,United States,Lexington,mobile,3,0,38.0464066,-84.4970393
2225,Italy,Turin,tablet,3,0,45.0677551,7.6824892
2226,Belgium,Antwerp,mobile,3,0,51.2211097,4.3997081
2227,Canada,Santa Clara,mobile,3,0,48.5231778,-123.3834064
2229,Israel,Mountain View,desktop,3,0,40.92323695,-74.27300281917371
2232,Sweden,London,desktop,3,0,63.8722529,19.574859
2234,Sweden,Munich,mobile,3,0,48.1430072,11.5660401
2235,United Kingdom,Egham,tablet,3,0,51.4312585,-0.5473085
2236,Spain,Mountain View,desktop,3,0,40.970723,-5.6598387
2238,United States,Barcelona,desktop,3,0,31.852661,-91.4228949
2240,India,Indore,tablet,3,0,22.7203616,75.8681996
2241,Latvia,Riga,tablet,3,0,56.9493977,24.1051846
2242,United States,Salem,tablet,3,0,44.9391565,-123.033121
2244,United Kingdom,Oxford,mobile,3,0,51.7520131,-1.2578499
2248,Italy,San Francisco,mobile,3,0,45.6737958,13.113044886860987
2249,Turkey,Izmir,tablet,3,0,38.4237433,27.1428019
2250,Spain,San Francisco,mobile,3,0,40.3736594,-3.7397923
2252,United States,Dahlonega,mobile,3,0,34.5328484,-83.9845723
2253,Brazil,Campinas,mobile,3,0,-22.9056391,-47.059564
2254,China,Shanghai,tablet,3,0,31.2312707,121.4700152
2255,United States,Yokohama,mobile,3,0,40.9839832,-73.8519437
2256,Taiwan,Taoyuan District,mobile,3,0,24.993923,121.30168
2257,Netherlands,Riyadh,mobile,3,0,52.0700784,4.2806847
2258,Netherlands,Oude Meer,tablet,3,0,52.2893011,4.7870184
2261,Poland,Szczecin,mobile,3,0,53.42968095,14.592912670292268
2262,Turkey,Konya,mobile,3,0,38.0211951,32.5224943
2263,France,Dublin,mobile,3,0,49.625567000000004,3.20799702912736
2265,Canada,Palo Alto,desktop,3,0,48.4628742,-123.3289392
2267,Canada,Redwood City,desktop,3,0,45.34227215,-75.79289423408565
2268,Philippines,Mountain View,mobile,3,0,7.0285863,121.9492131
2269,Peru,Arequipa,tablet,3,0,-16.3988667,-71.5369607
2271,Austria,Hallein,mobile,3,0,47.6821521,13.0956313
2272,United States,Goose Creek,tablet,3,0,32.9961038,-80.0387292
2273,Italy,Cagliari,mobile,3,0,39.2171994,9.113311
2275,Spain,Elche,mobile,3,0,38.2653307,-0.6988391
2276,Italy,Cagliari,tablet,3,0,39.2171994,9.113311
2277,Mexico,Hermosillo,mobile,3,0,28.96893455,-111.44731686054334
2280,Czechia,Brno,tablet,3,0,49.1922443,16.6113382
2281,United Arab Emirates,Dublin,desktop,3,0,25.695406,55.7887183
2282,Ireland,Madrid,mobile,3,0,40.4342458,-3.6878867
2283,Belarus,Brest,desktop,3,0,52.093751,23.6851851
2285,United States,Milan,desktop,3,0,41.453089,-90.5720803
2286,Netherlands,Zurich,desktop,3,0,53.1117662,5.3929759
2287,Indonesia,Makassar,desktop,3,0,-5.1342962,119.4124282
2288,South Korea,Daegu,desktop,3,0,35.8713,128.6018
2289,Vietnam,Hai Phong,tablet,3,0,20.858864,106.6749591
2291,United States,Paris,mobile,3,0,33.6617962,-95.555513
2292,United States,Fort Worth,mobile,3,0,32.753177,-97.3327459
2294,Germany,Kirkland,desktop,3,0,48.0581307,10.8660941
2295,Australia,Dublin,desktop,3,0,-34.4513918,138.3497395
2296,Brazil,Ribeirao Preto,mobile,3,0,-21.1776315,-47.8100983
2298,United Kingdom,Dublin,mobile,3,0,57.7386289,-4.3255225
2299,Poland,Poznan,tablet,3,0,52.4082663,16.9335199
2300,Belgium,Leuven,mobile,3,0,50.879202,4.7011675
2301,United States,Bozeman,desktop,3,0,45.6794293,-111.044047
2302,France,Los Angeles,desktop,3,0,44.7926055,-0.6770724
2303,United States,Smyrna,mobile,3,0,39.2998339,-75.6046494
2304,United States,Melbourne,mobile,3,0,28.106471,-80.6371513
2305,India,Mountain View,mobile,3,0,18.79619585,73.33734057291431
2306,Canada,Sunnyvale,mobile,3,0,44.7858558,-63.693173
2307,Netherlands,Singapore,desktop,3,0,52.5133034,5.067166
2308,France,New York,mobile,3,0,48.9695032,2.3057094
2309,Brazil,San Francisco,desktop,3,0,-10.5038099,-67.5726581
2310,Japan,Los Angeles,mobile,3,0,36.5691725,136.6612707
2312,Argentina,San Francisco,desktop,3,0,-31.4249815,-62.0840299
2313,Indonesia,Singapore,desktop,3,0,1.16859,103.8053509
2316,Philippines,San Francisco,mobile,3,0,8.5050281,125.9771179
2318,Canada,Paris,desktop,2,0,43.193234,-80.384281
2322,United States,Kalamazoo,tablet,2,0,42.291707,-85.5872286
2323,Switzerland,Berlin,desktop,2,0,52.52110815,13.37128072047285
2325,Taiwan,Ningbo,mobile,2,0,30.3326439,121.2212733
2327,United States,Toronto,tablet,2,0,41.9048584,-90.8640346
2577,Taiwan,Seattle,desktop,1,0,25.18415975,121.44693998598468
2580,Denmark,Aalborg,tablet,1,0,57.0462626,9.9215263
2581,Norway,Amsterdam,desktop,1,0,79.7569019,10.775613476108896
2582,Denmark,Paris,mobile,1,0,56.51422995,8.489912641981132
2583,Poland,London,mobile,1,0,49.9667311,22.0287117
2587,South Africa,Randburg,mobile,1,0,-26.096111,27.975
2588,Japan,San Francisco,tablet,1,0,37.78514655,-122.43047512968477
2589,Singapore,Jakarta,tablet,1,0,-6.1492814,106.91642387568497
2590,Vietnam,Singapore,desktop,1,0,1.3107806,103.8801126
2592,South Korea,Daegu,mobile,1,0,35.8713,128.6018
2593,United Kingdom,Milan,desktop,1,0,52.4829112,-1.9044436
2595,Puerto Rico,San Jose,desktop,1,0,-11.260292,-67.1818983
2597,Poland,Rzeszow,mobile,1,0,50.013064,22.016143457294312
2599,Netherlands,Dublin,mobile,1,0,53.2048106,6.468807
2601,United Arab Emirates,Washington,desktop,1,0,38.9449546,-77.06925771192749
2602,Spain,Toledo,tablet,1,0,39.8560679,-4.0239568
2605,United States,Springfield,mobile,1,0,39.7990175,-89.6439575
2606,United Kingdom,Santa Clara,mobile,1,0,51.81305615,-4.495718023481144
2607,Ukraine,Warsaw,desktop,1,0,52.21494885,21.022061737314992
2610,Taiwan,Santa Clara,mobile,1,0,37.30494305,-121.89816903604697
2612,Ireland,Amsterdam,mobile,1,0,51.4958765,-9.6630217
2615,Georgia,Warsaw,desktop,1,0,31.5899409,-81.4951072
2616,Italy,Turin,mobile,1,0,45.0677551,7.6824892
2617,Switzerland,Washington,desktop,1,0,38.9286131,-77.0579432
2618,Vietnam,Thanh Hoa,mobile,1,0,19.8076814,105.7767437
2619,Spain,Dublin,mobile,1,0,41.6526832,-4.7273023
2621,Mexico,San Jose,desktop,1,0,28.9224721,-105.6288137
2622,India,Ludhiana,mobile,1,0,30.789406999999997,75.82697237096326
2623,France,Chennai,desktop,1,0,48.8797114,2.3574552
2624,Germany,San Jose,tablet,1,0,52.5464288,12.9386925
2627,Canada,St. John's,mobile,1,0,47.5614705,-52.7126162
2628,United Kingdom,Cardiff,tablet,1,0,51.4816546,-3.1791934
2629,Portugal,New York,desktop,1,0,40.912356,-73.83219
2630,Lebanon,Beirut,mobile,1,0,33.8959203,35.47843
2631,Canada,Winnipeg,tablet,1,0,49.8955367,-97.1384584
2633,Italy,Padua,tablet,1,0,45.4077172,11.8734455
2634,Netherlands,The Hague,tablet,1,0,52.07494555,4.2696802205364515
2635,France,Villeneuve-d'Ascq,mobile,1,0,50.6193174,3.1314002
2640,Canada,Mississauga,tablet,1,0,43.5896231,-79.6443879
2643,Colombia,Chicago,desktop,1,0,7.89181895,-72.50710870681556
2644,China,Santa Clara,tablet,1,0,22.1925185,113.5440369
2645,Greece,Thessaloniki,tablet,1,0,40.6403167,22.9352716
2646,Colombia,Medellin,tablet,1,0,6.2697018,-75.60252574475943
2648,Hungary,Istanbul,desktop,1,0,46.190410799999995,20.00051538152554
2649,New Zealand,San Francisco,mobile,1,0,37.7678496,-122.47047046963732
2650,United States,Carrollton,tablet,1,0,32.9537349,-96.8902816
2652,Thailand,Nakhon Pathom,tablet,1,0,13.8918425,100.0165659
2654,South Korea,Seongnam-si,mobile,1,0,37.4201556,127.1262092
2655,Romania,Alba Iulia,desktop,1,0,46.0687385,23.5704398
2657,Philippines,Mountain View,desktop,1,0,7.0285863,121.9492131
2659,United Kingdom,Paris,tablet,1,0,53.562752,-1.7661533
2660,Turkey,Tel Aviv-Yafo,desktop,1,0,32.0885777,34.7718676
2661,Australia,Adelaide,tablet,1,0,-34.9281805,138.5999312
2663,Spain,Bogota,desktop,1,0,4.6063141,-74.0727251
2665,Australia,Singapore,desktop,1,0,-29.6632273,150.4151121
2668,Netherlands,Zwolle,mobile,1,0,52.514565250000004,6.097720359677693
2669,Nigeria,San Francisco,mobile,1,0,-35.6961824,-71.40436
2671,Singapore,Dubai,mobile,1,0,25.23928515,55.18215197678413
2675,Germany,Amsterdam,desktop,1,0,52.0649287,9.370233
2676,United States,Walnut Creek,mobile,1,0,37.9020731,-122.0618702
2677,Germany,Ningbo,mobile,1,0,50.7509579,6.1343511
2678,Spain,Istanbul,desktop,1,0,41.3888637,2.195349
2680,Hong Kong,Los Angeles,desktop,1,0,37.115383,-1.8397985
2682,United Kingdom,Birmingham,tablet,1,0,52.4796992,-1.9026911
2683,Portugal,Madrid,mobile,1,0,40.3775033,-3.7793235
2686,Kenya,Nairobi,tablet,1,0,-1.3026148499999999,36.82884201813725
2687,Qatar,Doha,mobile,1,0,25.2856329,51.5264162
2688,Brazil,Buenos Aires,desktop,1,0,-7.7218931,-35.326587
2689,Indonesia,London,desktop,1,0,-3.4571456,114.8504049
2690,United States,Lenoir,mobile,1,0,35.2590371,-77.6484879
2691,Thailand,Singapore,mobile,1,0,1.3026075,103.9067024
2692,Brazil,Seattle,desktop,1,0,-19.9098672,-43.91718287999152
2695,France,Courbevoie,tablet,1,0,48.8953328,2.2561602
2696,Ireland,Sydney,mobile,1,0,53.3207869,-6.2115522
2697,Mexico,New York,desktop,1,0,43.459514,-76.228818
2699,India,London,desktop,1,0,51.3584017,-0.1446657
2700,Belgium,Mechelen,mobile,1,0,51.0281381,4.4803453
2701,Switzerland,London,desktop,1,0,51.5184448,-0.1605900915923223
2702,Ireland,Mountain View,mobile,1,0,54.0513576,-8.730142916313401
2703,Croatia,Dublin,mobile,1,0,53.3394444,-6.2677303
2705,Italy,New York,desktop,1,0,42.611735,-77.2919246
2707,Switzerland,Geneva,mobile,1,0,46.2017559,6.1466014
2708,Germany,Paris,mobile,1,0,49.845332,7.8568391
2709,Singapore,Johor Bahru,tablet,1,0,1.3549199,103.6274653
2714,Kenya,Mountain View,desktop,1,0,-0.2701696,36.0995146
2715,Italy,Bologna,mobile,1,0,44.4938203,11.3426327
2716,Mexico,Salem,desktop,1,0,32.71223,-107.20717788904858
2718,Switzerland,San Jose,mobile,1,0,11.2030419,125.0012988
2720,Vietnam,Dalat,mobile,1,0,11.9402416,108.4375758
2721,Mexico,Zapopan,mobile,1,0,20.7211203,-103.3913671
2722,China,San Francisco,mobile,1,0,-38.9790355,-68.3566918
2723,Tunisia,Tunis,tablet,1,0,36.8002068,10.1857757
2724,China,Milan,mobile,1,0,39.22681305,88.97056700571905
2725,Japan,Seoul,desktop,1,0,37.5754797,126.9799186
2731,Israel,Kiryat Ono,tablet,1,0,32.0594063,34.8575826143052
2734,Japan,Santa Clara,mobile,1,0,41.658546,-4.7207025
2737,Poland,Katowice,tablet,1,0,50.2137321,19.00588775660632
2739,United States,Santiago,tablet,1,0,40.4342351,-80.270616
2740,Mexico,Cancun,tablet,1,0,21.1618955,-86.8514988
2741,Hong Kong,Minato,desktop,1,0,22.3308983,114.1639565
2742,Mexico,New York,mobile,1,0,43.459514,-76.228818
2744,Mexico,Santiago de Queretaro,mobile,1,0,20.5954708,-100.397059
2745,United States,Abu Dhabi,mobile,1,0,40.73206935,-73.9976431125895
2746,Japan,Kumamoto,desktop,1,0,32.6450475,130.6341345
2747,Canada,Tel Aviv-Yafo,mobile,1,0,32.0624693,34.7905202
2748,Germany,New York,tablet,1,0,48.1827239,11.5727786
2749,Australia,Auckland,mobile,1,0,-36.8622961,174.7190716
2750,Austria,Hallein,tablet,1,0,47.6821521,13.0956313
2751,United States,Culpeper,mobile,1,0,38.4912207,-77.9618216
2752,Argentina,New York,desktop,1,0,40.73525775,-73.86258314633797
2753,Poland,Wroclaw,tablet,1,0,51.1089776,17.0326689
2754,Austria,Munich,tablet,1,0,48.1096699,16.0745001
